drug_name,new_search,new_source,literature,BNF,BNF_code,BNF_cat,ATC,ATC_code,ATC_cat,INCB,Merck_index,Martindale,guide_to_pharmacol,INN,INN_name,BAN,USAN,also_known_as,IUPAC_name,chemical_names,linked,analog,prodrug ,isomer,molecular_formula,mole_weight_g_mol​,mu_receptor,delta_receptor,kappa_receptor,NOP_receptor,class,class_2,year_disco_develop,country_disco_develop,name_disco_develop,group_disco_develop,discovery_source,regulated_year,regulations
3-methylfentanyl,0,,,0,,,0,,,1,0,0,0,0,,,,mefentanyl,N-[3-methyl-1-(2-phenylethyl)piperidin-4-yl]-N-phenylpropanamide,,,fentanyl,,,C23H30N2O ,350.5,,,,,synthetic,,,,,,,,
3-methylthiofentanyl,0,,,0,,,0,,,1,0,0,0,0,,,,,N-[3-methyl-1-(2-thiophen-2-ylethyl)piperidin-4-yl]-N-phenylpropanamide,,,fentanyl,,,C21H28N2OS,356.5,,,,,synthetic,,,,,,,,
4-chloroisobutyrfentanyl,1,literature,https://pubmed.ncbi.nlm.nih.gov/28349714/,0,,,0,,,0,0,0,0,0,,,,,2-Methyl-N-(4-chlorophenyl)-N-[1-(1-phenylpropan-2-yl)piperidin-4-yl]propanamide,,,fentanyl,,,,,,,,,synthetic,,,,,,,,
4-fluoroisobutyrfentanyl,0,,,0,,,0,,,1,0,0,0,0,,,,4-FIBF; p-FIBF,N-(4-Fluorophenyl)-N-[1-(2-phenylethyl)-4-piperidinyl]-isobutanamide,Unii-X9mba0QE1I,Parafluorofentanyl,butyrfentanyl,,4-Fluorobutyrfentanyl,C23H29FN2O,368.5,agonist,,,,synthetic,,,,,,,,
4-phenylfentanyl,1,literature,https://pubs.acs.org/doi/abs/10.1021/jm00132a007,0,,,0,,,0,0,0,0,0,,,,,N-Phenyl-N-[4-phenyl-1-(2-phenylethyl)piperidin-4-yl]propanamide,,,fentanyl,,,"	C28H32N2O",412.6,,,,,synthetic,,,,,,,,
6'-guanidinonaltrindole,0,literature,https://www.ncbi.nlm.nih.gov/pubmed/22736766,0,,,0,,,0,0,0,0,0,,,,6'-GNTI,"2-[(1S,2S,13R,21R)-22-(cyclopropylmethyl)-2,16-dihydroxy-14-oxa-11,22-diazaheptacyclo[13.9.1.01,13.02,21.04,12.05,10.019,25]pentacosa-4(12),5(10),6,8,15,17,19(25)-heptaen-8-yl]guanidine",,,,,,C27H29N5O3,471.5,,,agonist,,synthetic,,,,,,,,
acetorphine,0,,,0,,,0,,,1,0,0,0,1,acetorphine,acetorphine,-,,"[(1R,2S,6R,14R,15R,19R)-19-[(2R)-2-hydroxypentan-2-yl]-15-methoxy-5-methyl-13-oxa-5-azahexacyclo[13.2.2.12,8.01,6.02,14.012,20]icosa-8(20),9,11,16-tetraen-11-yl] acetate",,etorphine,,,,C27H35NO5,453.6,,,,,synthetic,orvinol,1966,UK,,Reckitt,,,
acetyldihydrocodeine,0,,,0,,,1,R05DA12,cough suppressant,1,0,1,0,0,,,,,"[(4R,4aR,7S,7aR,12bS)-9-methoxy-3-methyl-2,4,4a,5,6,7,7a,13-octahydro-1H-4,12-methanobenzofuro[3,2-e]isoquinolin-7-yl] acetate",dihydrothebacone; dihydrocodeine-6-acetate,thebacon; dihydromorphine,,,,C20H25NO4,343.4,,,,,semi-synthetic,,,,,,,,
acetylfentanyl,0,,,0,,,0,,,1,0,0,0,0,,,,acetyl fentanyl,N-phenyl-N-[1-(2-phenylethyl)piperidin-4-yl]acetamide,3258-84-2,,fentanyl,,,C21H26N2O,322.4,agonist,,,,synthetic,,,,,,,,
acetylmethadol,0,,,0,,,0,,,1,1,0,0,1,acetylmethadol,acetylmethadol,methadyl acetate,methadyl acetate,"[6-(dimethylamino)-4,4-diphenylheptan-3-yl] acetate",methadyl acetate;; acetylmethadone,alphacetylmethadol; betacetylmethadol; levacetylmethadol,,,,C23H31NO2,353.5,agonist,,,,synthetic,,,,,,,,
acrylfentanyl,0,,,0,,,0,,,1,0,0,0,0,,,,acryloylfentanyl; Egyptenyl,N-phenyl-N-[1-(2-phenylethyl)piperidin-4-yl]prop-2-enamide,UNII-T64K7YD33B,,fentanyl,,,C22H26N2O,334.5,,,,,synthetic,,,,,,,,
AH-7921,0,,,0,,,0,,,1,0,0,0,0,,,,doxylam,"3,4-dichloro-N-[[1-(dimethylamino)cyclohexyl]methyl]benzamide",55154-30-8; UNII-10BR7A0SO0,,,,,C16H22Cl2N2O,329.3,1,,,,synthetic,,1970s,UK,,Allen and Hanburys,,,
alfentanil,0,,,1,1501043A0,15.1.4,1,N01AH02,anaesthetics,1,1,1,1,1,alfentanil,alfentanil,alfentanil hydrochloride,R-39209; Alfenta; Rapifen,N-[1-[2-(4-ethyl-5-oxotetrazol-1-yl)ethyl]-4-(methoxymethyl)piperidin-4-yl]-N-phenylpropanamide,,fentanyl; remifentanyl,fentanyl,,,C21H32N6O3,416.5,agonist,,,,synthetic ,,1976,Belgium,,Janssen Pharmaceutica,,,
alimadol,1,INN,,0,,,0,,,0,0,0,0,1,alimadol,-,-,A-4020,"3-methoxy-3,3-diphenyl-N-prop-2-enylpropan-1-amine",52742-40-2; UNII-8ET970D66K,methadone,,,,C19H23NO,281.4,,,,,synthetic,,,,,,,,
alletorphine,1,INN,,0,,,0,,,0,0,0,0,1,alletorphine,alletorphine,-,Alletorphinum; N-allylnoretorphine; M-218; R&S-218-M,"(1R,2S,6R,14R,15R,19R)-19-[(2R)-2-hydroxypentan-2-yl]-15-methoxy-5-prop-2-enyl-13-oxa-5-azahexacyclo[13.2.2.12,8.01,6.02,14.012,20]icosa-8(20),9,11,16-tetraen-11-ol",UNII-4UWR086NOA,oripavine,,,,C27H35NO4,437.6,,,,,synthetic,oripavine,,,,,,,
allylprodine,0,,,0,,,0,,,1,1,0,0,1,allylprodine,allylprodine,-,,(1-methyl-4-phenyl-3-prop-2-enylpiperidin-4-yl) propanoate,25384-17-2,pethidine,prodine,,stereoselective,"	C18H25NO2",287.4,1,,,,synthetic,,1957,Switzerland,Hoffman-La Roche,Roche,,,
alphacetylmethadol,0,,,0,,,0,,,1,0,0,0,1,alphacetylmethadol,alphacetylmethadol,-,α-acetylmethadol; AAM,"[(3R,6R)-6-(dimethylamino)-4,4-diphenylheptan-3-yl] acetate ",53757-35-0,methadone,,,"levorotary enantiomer, levacetylmethadol",C23H32ClNO2,390,,,,,synthetic,,,,,,,,
alphameprodine,0,,,0,,,0,,,1,0,0,0,1,alphameprodine,alphameprodine,-,meprodine,"[(3S,4R)-3-ethyl-1-methyl-4-phenylpiperidin-4-yl] propanoate",468-51-9,,pethidine,,stereoisomer betameprodine,C17H25NO2,275.4,1,,,,synthetic,,,,,,,,
alphamethadol,0,,,0,,,0,,,1,0,0,0,1,alphamethadol,alphamethadol,-,α-methadol; alfametadol,"(3R,6R)-6-(dimethylamino)-4,4-diphenylheptan-3-ol",17199-54-1; UNII-XBD99QNI42,,,,dimepheptanol (methadol),C21H29NO,311.5,,,,,synthetic,,,,,,,,
alphamethylacetylfentanyl,0,,,0,,,0,,,1,0,0,0,0,,,,Acetyl-alpha-methylfentanyl; alphamethylacetylfentanyl,N-phenyl-N-[1-(1-phenylpropan-2-yl)piperidin-4-yl]acetamide,101860-00-8,,fentanyl,,,C22H28N2O,336.5,,,,,synthetic,,,,,,,,
alphamethylfentanyl,0,,,0,,,0,,,1,0,0,0,0,,,,α-Methylfentanyl,N-phenyl-N-[1-(1-phenylpropan-2-yl)piperidin-4-yl]propanamide,79704-88-4,,fentanyl,,,C23H30N2O,350.5,,,,,synthetic,,,,,,,,
alphamethylfentanyl,1,INCB,,0,,,0,,,1,1,0,0,0,,,,,N-phenyl-N-[1-(1-phenylpropan-2-yl)-4-piperidyl]propanamide,,,fentanyl,,,,,,,,,synthetic,,1960s,belgium,,Janssen Pharmaceutica,wiki,,
alphamethylthiofentanyl,0,,,0,,,0,,,1,0,0,0,0,,,,Alphamethylthiofentanyl; α-methyl-thiofentanyl ,N-phenyl-N-[1-(1-thiophen-2-ylpropan-2-yl)piperidin-4-yl]propanamide,103963-66-2,,fentanyl,,,C21H28N2OS,356.5,,,,,synthetic,,,,,,,,
alphaprodine,0,,,0,,,0,,,1,1,1,0,1,alphaprodine,alphaprodine,-,Nisentil; Prisilidine,"[(3S,4R)-1,3-dimethyl-4-phenylpiperidin-4-yl] propanoate;hydrochloride  ",prodine; betaprodine,prodine; desomorphine,,,"trans form of prodine, racemate with betaprodine",C16H23NO2,261.36,,,,,synthetic,,,,,,,,
alvimopan,0,,,0,,,1,A06AH02,laxatives,0,1,1,1,1,alvimopan,alvimopan,alvimopan,Entereg; ADL 8-2698,"2-[[(2S)-2-benzyl-3-[(3R,4R)-4-(3-hydroxyphenyl)-3,4-dimethylpiperidin-1-yl]propanoyl]amino]acetic acid",156053-89-3; alvimopan anhydrous,,,,,C25H32N2O4,424.5,antagonist,antagonist,antagonist,,synthetic ,,,,,,,2008,FDA
anazocine,1,INN,,0,,,0,,,0,0,0,0,1,anazocine,-,-,azabicyclane; CS-307,9-methoxy-3-methyl-9-phenyl-3-azabicyclo[3.3.1]nonane,azabicyclane; UNII-K2S5VMM2SG,,,,,C16H23NO,245.36,,,,,synthetic,,1960s,USA,,,,,
anileridine,0,,,0,,,1,N01AH05,anaesthetics,1,1,1,1,1,anileridine,anileridine,-,Leritine,ethyl 1-[2-(4-aminophenyl)ethyl]-4-phenylpiperidine-4-carboxylate,alidine; leritine; nipecotan; adopol,pethidine,,,,C22H28N2O2,352.5,agonist,,,,synthetic,,1950s,,,Merck & Co,,,
apadoline,1,literature,https://pubmed.ncbi.nlm.nih.gov/15989506/,0,,,0,,,0,0,0,0,1,apadoline,-,-,,N-propyl-10-[(2R)-1-pyrrolidin-1-ylpropan-2-yl]phenothiazine-2-carboxamide,135003-30-4; UNII-5Q36UVB8YA,,,,,C23H29N3OS,395.6,,,agonist,,synthetic,,,,,,,,
asalhydromorphone,1,literature,https://pubmed.ncbi.nlm.nih.gov/30986302/,0,,,0,,,0,0,0,0,1,asalhydromorphone,-,asalhydromorphone; asalhydromorphone hydrochloride,,"[(4R,4aR,7aR,12bS)-9-(2-acetyloxybenzoyl)oxy-3-methyl-2,4,4a,5,7a,13-hexahydro-1H-4,12-methanobenzofuro[3,2-e]isoquinolin-7-yl] 2-acetyloxybenzoate",UNII-8YIM5E5C2C,,,hydromorphone,,C35H31NO9,609.6,,,,,synthetic,,,,,,,,
asimadoline,0,,,0,,,0,,,0,1,0,1,1,asimadoline,-,-,EMD 61 753; EMD 61753; EMD-61753,"N-[(1S)-2-[(3S)-3-hydroxypyrrolidin-1-yl]-1-phenylethyl]-N-methyl-2,2-diphenylacetamide",153205-46-0,,,,,C27H30N2O2,414.5,,,agonist,,synthetic,,,,,,,,
axomadol,1,INN,,0,,,0,,,0,0,0,0,1,axomadol,-,axomadol hydrochloride,EN3324,"(1R,3R,6R)-6-[(dimethylamino)methyl]-1-(3-methoxyphenyl)cyclohexane-1,3-diol",187219-95-0; 187219-99-4,tramadol,,,,C16H25NO3,279.37,,,,,synthetic,,,,,Endo Pharmaceuticals in collab with Grünenthal,,,
benzethidine,0,,,0,,,0,,,1,0,0,0,1,benzethidine,benzethidine,-,,ethyl 4-phenyl-1-(2-phenylmethoxyethyl)piperidine-4-carboxylate,NIH 7574,pethidine,,,,C23H29NO3,367.5,,,,,synthetic,,,,,,,,
benzhydrocodone,1,literature,https://pubmed.ncbi.nlm.nih.gov/30140595/; https://pubmed.ncbi.nlm.nih.gov/29092079/; https://pubmed.ncbi.nlm.nih.gov/29025138/ ,0,,,0,,,0,0,0,0,1,benzyhydrocodone,-,benzyhydrocodone,benzoate-hydrocodone; KP201,"[(4R,4aR,7aR,12bS)-9-methoxy-3-methyl-2,4,4a,5,7a,13-hexahydro-1H-4,12-methanobenzofuro[3,2-e]isoquinolin-7-yl] benzoate  ",,hydrocodone,,prodrug to hydrocodone,,C25H25NO4,403.5,,,,,synthetic,morphinan,,USA,,Kempharm Inc.,,,
benzodioxolefentanyl,1,literature,https://pubmed.ncbi.nlm.nih.gov/30904478/,0,,,0,,,0,0,0,0,0,,,,,"N-Phenyl-N-[1-(2-phenylethyl)piperidin-4-yl]-2H-1,3-benzodioxole-5-carboxamide",,,fentanyl,,,C27H28N2O3,428.5,,,,,synthetic,,,,,,,,
benzoylfentanyl,1,literature,https://onlinelibrary.wiley.com/doi/full/10.1002/dta.2263,0,,,0,,,0,0,0,0,0,,,,,N-phenyl-N-[1-(2-phenylethyl)piperidin-4-yl]benzamide,phenylfentanyl,,fentanyl,,,"	C26H28N2O",384.5,,,,,synthetic,,,,,,,,
benzylfentanyl,1,literature,https://academic.oup.com/jat/article-abstract/14/3/160/752051?redirectedFrom=fulltext,0,,,0,,,0,0,0,0,0,,,,,N-(1-benzylpiperidin-4-yl)-N-phenylpropanamide,,,fentanyl,,,"	C21H26N2O",322.4,1,,,,synthetic,,,,,,,,
benzylmorphine,0,,,0,,,0,,,1,1,0,0,0,,,,Peronine,"(4R,4aR,7S,7aR,12bS)-3-methyl-9-phenylmethoxy-2,4,4a,7,7a,13-hexahydro-1H-4,12-methanobenzofuro[3,2-e]isoquinolin-7-ol",3-O-Benzylmorphine; O3-Benzylmorphine;  14297-87-1,codeine; ethylmorphine,,,,C24H25NO3,375.5,,,,,semi-synthetic,,1896?,,,,,,
betacetylmethadol,0,,,0,,,0,,,1,0,0,0,1,betacetylmethadol,,,,"[(3S,6R)-6-(dimethylamino)-4,4-diphenylheptan-3-yl] acetate",17199-59-6; UNII-905GLN509G; betacemethadon,,,,diastereoisomer of alphacetylmethadol and levacetylmethadol,C23H31NO2,353.5,,,,,synthetic ,,,,,,,,
betahydroxyfentanyl,0,,,0,,,0,,,1,0,0,0,0,,,,Beta-hydroxyfentanyl; β-Hydroxyfentanyl; Fentanol,N-[1-(2-hydroxy-2-phenylethyl)piperidin-4-yl]-N-phenylpropanamide,###############################################################################################################################################################################################################################################################,,fentanyl,,,C22H28N2O2,352.5,,,,,synthetic,,,,,,,,
betahydroxythiofentanyl,1,literature,https://onlinelibrary.wiley.com/doi/full/10.1002/dta.2393,0,,,0,,,0,0,0,0,0,,,,,N-{1-[2-Hydroxy-2-(thiophen-2-yl)ethyl]piperidin-4-yl}-N-phenylpropanamide,,,fentanyl,,,C20H26N2O2S,358.5,,,,,synthetic,,,,,,,,
betameprodine,0,,,0,,,0,,,1,0,0,0,1,betameprodine,betameprodine,-,meprodine,(3-ethyl-1-methyl-4-phenylpiperidin-4-yl) propanoate,468-50-8,,pethidine,,stereoisomer alphameprodine,C17H25NO2,275.4,,,,,synthetic,,,,,,,,
betamethadol,0,,,0,,,0,,,1,0,0,0,1,betamethadol,betamethadol,-,β-methadol; betametadol,"(3S,6R)-6-(dimethylamino)-4,4-diphenylheptan-3-ol",betametadol; beta-methadol; UNII-57ANR1Z628,,,,"isomer of dimepheptanol (methadol) and alphamethadol (α-methadol); and composed of two isomers itself, L-β-methadol, and D-β-methadol",C21H29NO,311.5,,,,,synthetic,,,,,,,,
betamethylfentanyl,1,literature,https://pubmed.ncbi.nlm.nih.gov/29750250/,0,,,0,,,0,0,0,0,0,,,,,N-Phenyl-N-[1-(2-phenylpropyl)piperidin-4-yl]propanamide,,,fentanyl,,,"	C23H30N2O",350.5,,,,,synthetic,,,,,,,,
betaprodine,0,,,0,,,0,,,1,0,0,0,1,betaprodine,betaprodine,-,,"[(3R,4R)-1,3-dimethyl-4-phenylpiperidin-4-yl] propanoate",beta-prodine; 468-59-7,prodine,pethidine,,"isomer of prodine, optical isomerism ","	C16H23NO2",261.36,,,,,synthetic,,1940s,Germany,,,,,
bezitramide,0,,,0,,,1,N02AC05,analgesics,1,1,1,0,1,bezitramide,bezitramide,-,Burgodin,"4-[4-(2-oxo-3-propanoylbenzimidazol-1-yl)piperidin-1-yl]-2,2-diphenylbutanenitrile",benzitramide; burgodin; 15301-48-1,,,prodrug to despropionyl-bezitramide,,C31H32N4O2,492.6,,,,,synthetic,,1961,Belgium,,Janssen Pharmaceutic,,,
bremazocine,1,guide2pharm,,0,,,0,,,0,0,0,1,1,bremazocine,-,-,ethyketazocine,"(1S,9R)-1-ethyl-10-[(1-hydroxycyclopropyl)methyl]-13,13-dimethyl-10-azatricyclo[7.3.1.02,7]trideca-2(7),3,5-trien-4-ol",75684-07-0,pentazocine,,,,"	C20H29NO2",315.4,antagonist,agonist,agonist,,synthetic,,,,,,,,
brifentanil,1,INN,,0,,,0,,,0,0,0,0,1,brifentanil,-,brifentanil hydrochloride,A-3331,"N-[(3R,4S)-1-[2-(4-ethyl-5-oxotetrazol-1-yl)ethyl]-3-methylpiperidin-4-yl]-N-(2-fluorophenyl)-2-methoxyacetamide",101345-71-5,alfentanil,fentanyl,,,C20H29FN6O3,420.5,,,,,synthetic,,1990s,,,,,,
bromadoline,1,literature,https://pubmed.ncbi.nlm.nih.gov/3559988/,0,,,0,,,0,0,0,0,1,bromadoline,-,bromadoline maleate,U-47931E,"4-bromo-N-[(1S,2S)-2-(dimethylamino)cyclohexyl]benzamide",67579-24-2,AH-7921; U-47700,,,,C15H21BrN2O,325.24,1,,,,synthetic,,1970s,,,Upjohn company,,,
brorphine,1,literature,https://academic.oup.com/jat/advance-article/doi/10.1093/jat/bkaa094/5879253,0,,,0,,,0,0,0,0,0,,,,,"1-{1-[1-(4-bromophenyl)ethyl]piperidin-4-yl}-1,3-dihydro-2H-benzimidazol-2-one",,,fentanyl,,,C20H22BrN3O,400.32,,,,,synthetic,,,,,,,,
BU-08028,1,literature,https://pubmed.ncbi.nlm.nih.gov/27573832/,0,,,0,,,0,0,0,1,0,,,,BU08028,"(1S,2S,6R,14R,15R,16R)-5-(cyclopropylmethyl)-16-[(2S)-2-hydroxy-3,3-dimethylpentan-2-yl]-15-methoxy-13-oxa-5-azahexacyclo[13.2.2.12,8.01,6.02,14.012,20]icosa-8(20),9,11-trien-11-ol  ",,buprenorphine,,,,,,,,,1,synthetic,orvinol,,,,,,,
buprenorphine,0,,,1,0407020B0; 0410030B0; 0410030A0,4.7.2; 4.10.3 ,1,N02AE01; N07BC01; N07BC51,analgesics: other NS drugs,0,1,1,1,1,buprenorphine,buprenorphine,buprenorphine hydrochloride,Subutex; Butrans; Gabup; Hapoctasin; Temgesic; Transtec; Suboxone,"(1S,2S,6R,14R,15R,16R)-5-(cyclopropylmethyl)-16-[(2S)-2-hydroxy-3,3-dimethylbutan-2-yl]-15-methoxy-13-oxa-5-azahexacyclo[13.2.2.12,8.01,6.02,14.012,20]icosa-8(20),9,11-trien-11-ol",buprenex; temgesic ,,,,,C29H41NO4,467.6,agonist,,antagonist,,semi-synthetic,,1969,UK,,Reckitt Benckiser,,1981; 2006,FDA; EMA
butinazocine,1,INN,,0,,,0,,,0,0,0,0,1,butinazocine,-,-,,"10-but-3-ynyl-13,13-dimethyl-10-azatricyclo[7.3.1.02,7]trideca-2(7),3,5-triene-1,4-diol",93821-75-1,benzomorphan family,,,,C18H23NO2,285.4,,,,,synthetic,benzomorphan,,,,,,,
butorphanol,0,,,0,,,1,N02AF01,analgesics,0,1,1,1,1,butorphanol,butorphanol,butorphanol tartrate,,"(1S,9R,10S)-17-(cyclobutylmethyl)-17-azatetracyclo[7.5.3.01,10.02,7]heptadeca-2(7),3,5-triene-4,10-diol",butorfanol,levorphanol,,,,C21H29NO2,327.5,partial antagonist,agonist,agonist,,synthetic,morphinan,1973,USA,,Bristol-Myers,,1978,FDA
butyrfentanyl,0,,,0,,,0,,,1,0,0,0,0,,,,,N-phenyl-N-[1-(2-phenylethyl)piperidin-4-yl]butanamide,butanamide; 1169-70-6,,fentanyl,,,C23H30N2O,350.5,agonist,agonist,agonist,,synthetic,,,,,,,,
carbazocine,1,INN,,0,,,0,,,0,0,0,0,1,carbazocine,-,-,,"20-(cyclopropylmethyl)-3,20-diazapentacyclo[10.5.3.01,13.02,10.04,9]icosa-2(10),4,6,8-tetraene",15686-38-1,,,,,C22H28N2,320.5,,,,,synthetic,benzomorphan,,,,,,,
carfentanil,0,,,0,,,0,,,1,0,1,1,1,carfentanil,-,carfentanil citrate,,methyl 1-(2-phenylethyl)-4-(N-propanoylanilino)piperidine-4-carboxylate,wildnil,,fentanyl,,,"	C24H30N2O3",394.5,agonist,agonist,agonist,,synthetic,,1974,Belgium,Paul Janssen,Janssen Pharmaceutica,wiki,,
carperidine,1,INN,,0,,,0,,,0,0,0,0,1,carperidine,,,,ethyl 1-(3-amino-3-oxopropyl)-4-phenylpiperidine-4-carboxylate,7528-13-4; UNII-LZ6E4G9827,pethidine,,,,C17H24N2O3,304.4,,,,,synthetic,,,,,,,,
ciramadol,0,,,0,,,0,,,0,1,1,0,1,Ciramadol,-,ciramadol; ciramadol hydrochloride,,"3-[(R)-dimethylamino-[(1R,2R)-2-hydroxycyclohexyl]methyl]phenol",UNII-9NQ109OW0G; 63269-31-8,phencyclidine; tramadol; tapentadol,,,,C15H23NO2,249.35,,,,,synthetic,,late 1970s,,,,,,
clonitazene,0,,,0,,,0,,,1,1,1,0,1,Clonitazene,clonitazene,-,,"2-[2-[(4-chlorophenyl)methyl]-5-nitrobenzimidazol-1-yl]-N,N-diethylethanamine",UNII-S90R21A2V2; 3861-76-5,etonitazene,,,,C20H23ClN4O2,386.9,,,,,synthetic,,,,,,,,
codeine,0,,,1,0407020C0; 0407010F0; 0407010M0; 0309010C0,4.7.1; 4.7.2,1,R05DA04; N02AJ06; N02AJ07; N02AJ08; N02AJ09; N02AA59 ; N02AA79,cough suppressant; analgesics,1,1,1,1,0,,,,,"(4R,4aR,7S,7aR,12bS)-9-methoxy-3-methyl-2,4,4a,7,7a,13-hexahydro-1H-4,12-methanobenzofuro[3,2-e]isoquinolin-7-ol  ",,,,,,"	C18H21NO3",299.4,agonist,,,,alkaloid,,1832,France,Pierre Robiquet,,,,
codoxime,0,,,0,,,0,,,1,0,0,0,1,codoxime,-,codoxime,,"2-[(Z)-[(4R,4aR,7aR,12bS)-9-methoxy-3-methyl-1,2,4,4a,5,6,7a,13-octahydro-4,12-methanobenzofuro[3,2-e]isoquinolin-7-ylidene]amino]oxyacetic acid",7125-76-0,,,,,C20H24N2O5,372.4,,,,,synthetic,,,,,,,,
cogazocine,1,literature,https://pubmed.ncbi.nlm.nih.gov/6106974/,0,,,0,,,0,0,0,0,1,cogazocine,-,-,,"10-(cyclobutylmethyl)-1-ethyl-13,13-dimethyl-10-azatricyclo[7.3.1.02,7]trideca-2(7),3,5-trien-4-ol",57653-29-9; UNII-6GKB767I3M,,,,,C21H31NO,313.5,,,,,synthetic,benzomorphan,,,,,,,
crotonylfentanyl,1,INCB,,0,,,0,,,1,0,0,0,0,,,,,(2E)-N-phenyl-N-[1-(2-phenylethyl)piperidin-4-yl]but-2-enamide.,R0XLG8CO63; 2351929525,,fentanyl,,structural isomer of cyclopropylfentanyl,"	C23H28N2O",348.5,,,,,synthetic,,,,,,,,
cyclazocine,1,INN,,0,,,0,,,0,1,0,1,1,cyclazocine,-,cyclazocine,,"10-(cyclopropylmethyl)-1,13-dimethyl-10-azatricyclo[7.3.1.02,7]trideca-2(7),3,5-trien-4-ol",3572-80-3,,,,,C18H25NO,271.4,agonist,partial agonist,partial agonist,,synthetic,benzomorphan,,,,,,,
cyclopentylfentanyl,1,literature,https://www.ncbi.nlm.nih.gov/pmc/articles/PMC6461066//,0,,,0,,,0,0,0,0,0,,,,,N-phenyl-N-[1-(2-phenylethyl)piperidin-4-yl]cyclopentanecarboxamide,,,fentanyl,,,C25H32N2O2,376.5,,,,,synthetic,,,,,,,,
cyclopropylfentanyl,1,INCB,,0,,,0,,,1,0,0,0,0,,,,,N-phenyl-N-[1-(2-phenylethyl)piperidin-4-yl]cyclopropanecarboxamide,UNII-9R5A897QPI,,fentanyl,,,C23H28N2O,348.5,,,,,synthetic,,,,,,,,
cyprenorphine,1,INN,,0,,,0,,,0,1,0,0,1,cyprenorphine,cyprenorphine,-,,"(1R,2S,6R,14R,15R,19R)-5-(cyclopropylmethyl)-19-(2-hydroxypropan-2-yl)-15-methoxy-13-oxa-5-azahexacyclo[13.2.2.12,8.01,6.02,14.012,20]icosa-8(20),9,11,16-tetraen-11-ol",UNII-1P6HEG5ZHS; 4406-22-8,,,,,C26H33NO4,423.5,,,,,synthetic,orvinol,,,,,,,
desmethylmoramide,1,INN,,0,,,0,,,0,0,0,0,1,desmethylmoramide,-,-,,"4-morpholin-4-yl-2,2-diphenyl-1-pyrrolidin-1-ylbutan-1-one",UNII-9B1Z1V29C3; 1767-88-0,dextromoramide,,,positive isomer of moramide,C24H30N2O2,378.5,,,,,synthetic,,late 1950s,,,,,,
desmethylprodine,0,,,0,,,0,,,1,0,0,0,0,,,,MPPP,(1-methyl-4-phenylpiperidin-4-yl) propanoate,Desmethylprodine; 3-Demethylprodine; 1-Methyl-4-phenyl-4-propionoxypiperidine; 13147-09-6,,pethidine,,,C15H21NO2,247.33,,,,,synthetic,,1947,Switzerland,Albert Ziering; John Lee,Hoffman-LaRoche,wiki,,
desmetramadol,1,literature,https://pubmed.ncbi.nlm.nih.gov/31005596/,0,,,0,,,0,0,0,0,1,desmetramadol,-,-,,"3-[(1R,2R)-2-[(dimethylamino)methyl]-1-hydroxycyclohexyl]phenol",O-Desmethyltramadol; 80456-81-1,,,,positive enantiomer,C15H23NO2,249.35,,,,,synthetic,,,,,,,,
desomorphine,0,,,0,,,0,,,1,1,0,0,1,desomorphine,desomorphine,-,krokodil,"(4R,4aR,7aS,12bS)-3-methyl-2,4,4a,5,6,7,7a,13-octahydro-1H-4,12-methanobenzofuro[3,2-e]isoquinolin-9-ol",Dihydrodeoxymorphine; permonid; 427-00-9,,morphine,,,C17H21NO2,271.35,,,,,semi-synthetic,,1920,Germany,,Knoll Pharmaceuticals,wiki,,
dextromethorphan,0,,,1,0309010L0; 0309020R0; 0309020AF,3.9.1; 3.9.2,1,R05DA09; N07XX59,cough suppressant; other NS drugs,0,1,1,1,1,dextromethorphan,dextromethorphan,dextromethorphan polistirex,Robitussin Dry Cough; Adult Dry Cough; ,"(1S,9S,10S)-4-methoxy-17-methyl-17-azatetracyclo[7.5.3.01,10.02,7]heptadeca-2(7),3,5-triene",d-methorphan; 125-71-3,,,,R isomer of methorphan,C18H25NO,271.4,agonist,agonist,agonist,,synthetic,morphinan,,,,,,,FDA
dextromoramide,0,,,1,0407020D0,4.7.2,1,N02AC01,analgesics,1,1,1,0,1,dextromoramide,dextromoramide,-,Palfium; Palphium; Jetrium; Dimorlin,"(3S)-3-methyl-4-morpholin-4-yl-2,2-diphenyl-1-pyrrolidin-1-ylbutan-1-one",Pyrrolamidolum; palphium,,,,R isomer of moramide,C25H32N2O2,392.5,,,,,synthetic,,1954,Belgium,Paul Janssen,Janssen Pharmaceutica,wiki,,
dextropropoxyphene,0,,,1,0407020E0; 0407010Q0,4.7.2; 4.7.1,1,N02AC04; N02AC54; N02AC74,analgesics,1,0,0,1,1,dextropropoxyphene,dextropropoxyphene,propoxyphene hydrochloride; propoxyphene napsylate,propoxyphene,"[(2S,3R)-4-(dimethylamino)-3-methyl-1,2-diphenylbutan-2-yl] propanoate",propoxyphene,,,,R isomer of levopropoxyphene,C22H29NO2,339.5,agonist,agonist,antagonist,,synthetic,,1956?,USA,Eli Lilly,Eli Lilly and Company,wiki,,
dezocine,0,,,0,,,1,N02AX03,analgesics,0,1,1,0,1,dezocine,-,dezocine,,"(1R,9S,15S)-15-amino-1-methyltricyclo[7.5.1.02,7]pentadeca-2(7),3,5-trien-4-ol",dalgan; 53648-55-8,benzomorphans; pentazocine,,,,C16H23NO,245.36,agonist,,antagonist,,synthetic,benzomorphan,1970s,USA,,American Home Products,wiki,,
diamorphine,0,,,1,0407020K0; 0309010N0,4.7.2; 3.9.1,1,N07BC06,other NS drigs,1,1,1,1,0,,,,heroin; diacetylmorphine,"[(4R,4aR,7S,7aR,12bS)-9-acetyloxy-3-methyl-2,4,4a,7,7a,13-hexahydro-1H-4,12-methanobenzofuro[3,2-e]isoquinolin-7-yl] acetate","heroin; diacetylmorphine; acetomorphinel 3,6-diacetylmorphine",,,,,C21H23NO5,369.4,agonist,agonist,agonist,,semi-synthetic,,1874,UK,CR Alder Wright,St Mary's Hospital,wiki,,
diampromide,0,,,0,,,0,,,1,1,0,0,1,diampromide,diampromide,-,,N-[2-[methyl(2-phenylethyl)amino]propyl]-N-phenylpropanamide,,propiram; phenampromide,ring open analogue of fentanyl,,,C21H28N2O,324.5,,,,,synthetic,,1960s,USA,,American Cyanamid,wiki,,
dibenzoylmorphine,1,literature,https://pubmed.ncbi.nlm.nih.gov/8866970/,0,,,0,,,0,0,0,0,0,,,,,"(9-benzoyloxy-3-methyl-2,4,4a,7,7a,13-hexahydro-1H-4,12-methanobenzofuro[3,2-e]isoquinolin-7-yl) benzoate",,diamorphine,derivative of morphine,,,C31H27NO5,493.5,,,,,semi-synthetic,,1875,UK,CR Alders Wright Organisation,Bayer,wiki,,
diethylthiambutene,0,,,0,,,0,,,1,0,0,0,1,diethylthiambutene,diethylthiambutene,-,,"N,N-diethyl-4,4-dithiophen-2-ylbut-3-en-2-amine",thiambutene; diethibutin; themalon,dimethylthiambutene; ethymethylthiambutene,,,,C16H21NS2,291.5,,,,,synthetic,thiambutene,1950s,,,,,,
difenoxin,0,,,0,,,1,A07DA04,antidiarrheal,1,1,0,1,1,difenoxin,difenoxin,difenoxin,,"1-(3-cyano-3,3-diphenylpropyl)-4-phenylpiperidine-4-carboxylic acid",motofen; diphenoxylic acid,pethidine,,,,C28H28N2O2,424.5,,,,,synthetic,,,,,,,1978,FDA
dihydrocodeine,0,,,1,0407010N0; 0407020G0,4.7.1; 4.7.2,1,N02AA08; N02AJ02; N02AJ03; N02AJ01; N02AA58,analgesics,1,1,1,1,1,dihydrocodeine,-,-,"Paramol, Remedeine, Remedeine Forte; DHC Continus; DF118 Forte","(4R,4aR,7S,7aR,12bS)-9-methoxy-3-methyl-2,4,4a,5,6,7,7a,13-octahydro-1H-4,12-methanobenzofuro[3,2-e]isoquinolin-7-ol",cohydrin; dehacodin; hydrocodeine; codhydrine,acetyldihydrocodeine; nicocodeine; nicodicodeine; ,,,,C18H23NO3,301.4,agonist,,,,semi-synthetic,,1908,germany,,,,1958,FDA
dihydroetorphine,0,,,0,,,0,,,1,0,0,0,0,,,,,"(1S,2S,6R,14R,15R,16R)-16-[(2R)-2-hydroxypentan-2-yl]-15-methoxy-5-methyl-13-oxa-5-azahexacyclo[13.2.2.12,8.01,6.02,14.012,20]icosa-8(20),9,11-trien-11-ol",UNII-QQX8S479YV; 14357-76-7,,etorphine,,,C25H35NO4,413.5,,,,,semi-synthetic,,1960s,Scotland,Kenneth Bentley,Macfarlan-smith,wiki,,
dihydromorphine,0,,,0,,,0,,,1,1,0,1,0,,,,paramorphan,"(4R,4aR,7S,7aR,12bS)-3-methyl-2,4,4a,5,6,7,7a,13-octahydro-1H-4,12-methanobenzofuro[3,2-e]isoquinoline-7,9-diol",paramorphan; 509-60-4,morphine,,,,C17H21NO3,287.35,agonist,agonist,agonist,,semi-synthetic,,1900,Germany,,,,,
dimemorfan,0,,,0,,,1,R05DA11,cough suppressant,0,1,0,0,1,dimemorfan,-,-,,"(1S,9S,10S)-4,17-dimethyl-17-azatetracyclo[7.5.3.01,10.02,7]heptadeca-2(7),3,5-triene",UNII-623OAC38YU; dimemorphan; 36309-01-0,,dextromethorphan; dextrorphan,,,C18H25NO,255.4,,,,,synthetic,,1975,Japan,,Yamanouchi Pharmaceutical,wiki,,
dimenoxadol,0,,,0,,,0,,,1,1,0,0,1,dimenoxadol,dimenoxadol,-,,"2-(dimethylamino)ethyl 2-ethoxy-2,2-diphenylacetate",dimenoxadole; 509-78-4; lokarin ,,,,,C20H25NO3,327.4,,,,,synthetic,,1950s,Germany,,,,,
dimepheptanol,0,,,0,,,0,,,1,1,0,0,1,dimepheptanol,dimepheptanol,-,amidol; pangerin; methadol; racemethadol,"6-(dimethylamino)-4,4-diphenylheptan-3-ol",methadol; racemethadol; bimethadol; pangerin ,methadone,,,mixture of alphamethadol and betamethadol,C21H29NO,311.5,,,,,synthetic,,,,,,,,
dimethylthiambutene,0,,,0,,,0,,,1,1,0,0,1,dimethylthiambutene,dimethylthiambutene,-,,"N,N-dimethyl-4,4-dithiophen-2-ylbut-3-en-2-amine",dimethibutin; ohton; aminobutene,,,,,C14H17NS2,263.4,agonist,agonist,,,synthetic,thiambutene,1940s,UK,,Burroughs-Wellcome ,wiki,,
dinalbuphine sebacate,1,literature,https://pubmed.ncbi.nlm.nih.gov/32990938/; https://pubmed.ncbi.nlm.nih.gov/32982387/,0,,,0,,,0,0,0,0,1,dinalbuphine sebacate,-,-,LT 1001; naldebain,"bis[(4R,4aS,7S,7aR,12bS)-3-(cyclobutylmethyl)-4a,7-dihydroxy-1,2,4,5,6,7,7a,13-octahydro-4,12-methanobenzofuro[3,2-e]isoquinolin-9-yl] decanedioate",nalbuphine sebacate; UNII-464OXX39Y6; Sebacoyldinalbuphine,,,nalbuphine,,C52H68N2O10,881.1,,,,,synthetic,,,Taiwan,Yoa-Pu Hu,National Defense medical center; lumosa therapeutics,wiki,,
dioxaphetyl butyrate,0,,,0,,,0,,,1,1,0,0,1,dioxaphetyl butyrate,dioxaphetyl butyrate,-,amidalgon; spasmoxal,"ethyl 4-morpholin-4-yl-2,2-diphenylbutanoate",Spasmoxal; amidalgon; UNII-G751H98FY4; 467-86-7,dextropropoxyphene; levacetylmethadol; dimenoxadol ,,,,C22H27NO3,353.5,,,,,synthetic,,,,,,,,
diphenoxylate,0,,,1,0104020H0,1.4.2,1,A07DA01,antidiarrheal,1,1,1,1,1,diphenoxylate,diphenoxylate,-,Lomotil,"ethyl 1-(3-cyano-3,3-diphenylpropyl)-4-phenylpiperidine-4-carboxylate",915-30-0,,,,,"	C30H32N2O2",452.6,agonist,agonist,,,synthetic,,1956,Belgium,Paul JAnssen,Janssen Pharmaceutica,wiki,,
dipipanone,0,,,1,0407020H0,4.7.2,0,,,1,1,1,1,1,dipipanone,dipipanone,-,Diconal,"4,4-diphenyl-6-piperidin-1-ylheptan-3-one",piperidylamidone; pipadone; fenpidon; 467-83-4,,,,,C24H31NO,349.5,,,,,synthetic,,,,,,,2003,UK
diprenorphine,0,,,0,,,0,,,0,1,1,1,1,diprenorphine,diprenorphine,-,revivon; m5050; diprenorfin,"(1S,2S,6R,14R,15R,16R)-5-(cyclopropylmethyl)-16-(2-hydroxypropan-2-yl)-15-methoxy-13-oxa-5-azahexacyclo[13.2.2.12,8.01,6.02,14.012,20]icosa-8(20),9,11-trien-11-ol",14357-78-9; UNII-1F0L5N25ZZ,,,,,C26H35NO4,425.6,antagonist,agonist,agonist,,synthetic,,,,,,,,
drotebanol,0,,,0,,,0,,,1,1,1,0,1,drotebanol,drotebanol,-,,"(1R,9R,10S,13R)-3,4-dimethoxy-17-methyl-17-azatetracyclo[7.5.3.01,10.02,7]heptadeca-2(7),3,5-triene-10,13-diol",oxymetebanol; metebanyl; oxymethebanol,,morphinan,,,C19H27NO4,333.4,,,,,synthetic,,1970s,japan,,sankyo ,,,
eluxadoline,0,,,1,0102000AK,1.2.0? ,1,A07DA06,antidiarrheal,0,1,0,1,1,eluxadoline,eluxadoline,eluxadoline,Truberzi; Viberzi,"5-[[[(2S)-2-amino-3-(4-carbamoyl-2,6-dimethylphenyl)propanoyl]-[(1S)-1-(5-phenyl-1H-imidazol-2-yl)ethyl]amino]methyl]-2-methoxybenzoic acid",864821-90-9; viberzi; UNII-45TPJ4MBQ1,,,,,C32H35N5O5,569.6,agonist,antagonist,agonist,,synthetic,,,,,Janssen Pharmaceutica,,2015; 2016,FDA; EMA 
embutramide,0,,,0,,,0,,,0,1,0,0,1,embutramide,embutramide,embutramide,,N-[2-ethyl-2-(3-methoxyphenyl)butyl]-4-hydroxybutanamide,embutane; 15687-14-6,methadone,,,,C17H27NO3,293.4,,,,,synthetic,,1958,Germany,,Hoechst AG,,,
enadoline,0,,,0,,,0,,,0,0,1,1,1,enadoline,-,enadoline hydrochloride,,"2-(1-benzofuran-4-yl)-N-methyl-N-[(5R,7S,8S)-7-pyrrolidin-1-yl-1-oxaspiro[4.5]decan-8-yl]acetamide",124378-77-4; UNII-KJL283326C,,,,,C24H32N2O3,396.5,,,agonist,,synthetic,,1990,,,,,,
eptazocine,0,,,0,,,0,,,0,1,0,0,1,eptazocine,-,-,sedapain,"(1S,9S)-1,11-dimethyl-11-azatricyclo[7.4.1.02,7]tetradeca-2(7),3,5-trien-4-ol",72522-13-5; UNII-2208ZLI77S,,,,,C15H21NO,231.33,antagonist,,agonist,,synthetic,benzomorphan,1987,Japan,,morishita,wiki,,
ethoheptazine,0,,,0,,,0,,,0,1,1,0,1,ethoheptazine,ethoheptazine,-,,ethyl 1-methyl-4-phenylazepane-4-carboxylate,Aethoheptazin; zactane; ethyl heptazine; 77-15-6,proheptazine,,,,C16H23NO2,261.36,,,,,synthetic,penazepane,1950s,,,,,,
ethylmethylthiambutene,0,,,0,,,0,,,1,1,1,0,1,ethylmethylthiambutene,ethylmethylthiambutene,-,,"N-ethyl-N-methyl-4,4-dithiophen-2-ylbut-3-en-2-amine",emethibutin; 441-61-2 ,,,,,C15H19NS2,277.5,,,,,synthetic,thiambutene,,,,,,,
ethylmorphine,0,,,0,,,1,R05DA01; S01XA06,cough suppressant; opthalmologicals,1,1,1,0,0,,,,,"(4R,4aR,7S,7aR,12bS)-9-ethoxy-3-methyl-2,4,4a,7,7a,13-hexahydro-1H-4,12-methanobenzofuro[3,2-e]isoquinolin-7-ol",dionine; codethyline; 76-58-4,,,,,C19H23NO3,313.4,agonist,,,,synthetic,,,,,,,,
etonitazene,0,,,0,,,0,,,1,1,0,1,1,etonitazene,etonitazene,-,,"2-[2-[(4-ethoxyphenyl)methyl]-5-nitrobenzimidazol-1-yl]-N,N-diethylethanamine",etonitazine; 911-65-9,,,,,C22H28N4O3,396.5,agonist,agonist,agonist,,synthetic,,1957,Switzerland,,CIBA (now Novartis),wiki,,
etorphine,0,,,0,,,0,,,1,1,1,1,1,etorphine,etorphine,-,,"(1R,2S,6R)-19-(2-hydroxypentan-2-yl)-15-methoxy-5-methyl-13-oxa-5-azahexacyclo[13.2.2.12,8.01,6.02,14.012,20]icosa-8(20),9,11,16-tetraen-11-ol",ethorphine; 19-propylorvinol ,pethidine,,,,C25H33NO4,411.5,agonist,agonist,agonist,agonist,semi-synthetic,orvinol,1963,Scotland,Kenneth Bentley,Macfarlan Smith,wiki,,
etoxeridine,0,,,0,,,0,,,1,0,0,0,1,etoxeridine,etoxeridine,-,,ethyl 1-[2-(2-hydroxyethoxy)ethyl]-4-phenylpiperidine-4-carboxylate,carbetidine; UNII-RHW35E1G7E; 469-82-9,pethidine,,,,C18H27NO4,321.4,,,,,synthetic,,1950s,,,,,,
fedotozine,0,,,0,,,0,,,0,1,1,0,1,fedotozine,-,-,,"(2R)-N,N-dimethyl-2-phenyl-1-[(3,4,5-trimethoxyphenyl)methoxy]butan-2-amine",UNII-F45VW2087W; 123618-00-8,,,,,C22H31NO4,373.5,,,agonist,,synthetic,,,,,,,,
fentanyl,0,,,1,0407020A0; 1501043F0; 1502010Z0,4.7.2; 15.1.4; 15.2.1,1,N01AH01; N02AB03; N01AH51,analgesics; anaesthetics,1,1,1,1,1,fentanyl,fentanyl,fentanyl citrate,Abstral; Effentora; MCN-JR-4263-49; R-4263; Actiq; Durogesic; Matrifen; Fencino; Fentalis; Suplimaze; Breakyl; Fentalis; Instanyl Nasal; Ionsys; Mezolar Matrix; Opiodur; Victanyl; Opiodur; Osmanil; PecFent; Recivit,N-phenyl-N-[1-(2-phenylethyl)piperidin-4-yl]propanamide,phentanyl; duragesic,,,,,C22H28N2O,336.5,agonist,agonist,agonist,,synthetic,,1959,belgium ,Paul Janssen,Janssen Pharmaceutica,wiki,1968; 2008,FDA; EMA
fluradoline,1,literature,https://onlinelibrary.wiley.com/doi/abs/10.1002/ddr.430050303,0,,,0,,,0,0,0,0,1,fluradoline,-,fluradoline hydrochloride,,2-(3-fluorobenzo[b][1]benzoxepin-5-yl)sulfanyl-N-methylethanamine ,,,,,,,,,,,,synthetic,,,,,,,,
furanylfentanyl,0,,,0,,,0,,,1,0,0,0,0,,,,,N-phenyl-N-[1-(2-phenylethyl)piperidin-4-yl]furan-2-carboxamide,UNII-3F7C9J1LS7; 101345-66-8,,fentanyl,,,C24H26N2O2,374.5,,,,,synthetic,,,,,,,,
furethidine,0,,,0,,,0,,,1,1,0,0,1,furethidine,furethidine,-,,ethyl 1-[2-(oxolan-2-ylmethoxy)ethyl]-4-phenylpiperidine-4-carboxylate,2385-81-1,pethidine,,,,C21H31NO4,361.5,,,,,synthetic,,,,,,,,
gemazocine,1,literature,http://scripts.iucr.org/cgi-bin/paper?S0567740879004477,0,,,0,,,0,0,0,0,1,gemazocine,-,-,,"10-(cyclopropylmethyl)-1-ethyl-13,13-dimethyl-10-azatricyclo[7.3.1.02,7]trideca-2(7),3,5-trien-4-ol",54063-47-7,,,,,C20H29NO,299.4,,,,,synthetic,benzomorphan,,,,,,,
homprenorphine,1,INN,,0,,,0,,,0,0,0,0,1,homprenorphine ,homprenorphine,-,,"2-[5-(cyclopropylmethyl)-11,15-dimethoxy-13-oxa-5-azahexacyclo[13.2.2.12,8.01,6.02,14.012,20]icosa-8(20),9,11,18-tetraen-16-yl]butan-2-ol",16549-56-7,,,,,"	C28H37NO4",451.6,,,,,semi-synthetic,,1967,,,,,,
hydrocodone,0,,,0,,,1,R05DA03,cough suppressant,1,1,1,1,1,hydrocodone,hydrocodone,hydrocodone bitartrate; hydrocodone polistirex,,"(4R,4aR,7aR,12bS)-9-methoxy-3-methyl-1,2,4,4a,5,6,7a,13-octahydro-4,12-methanobenzofuro[3,2-e]isoquinolin-7-one",dihydrocodeinone; dicodid; multacodin; idrocodone; 126-29-1,,,,,C18H21NO3,299.4,agonist,,agonist,,semi-synthetic,,1920,Germany,Mannich; lowenheim,,wiki,2013,FDA
hydromorphinol,0,,,0,,,0,,,1,0,0,0,1,hydromorphinol,hydromorphinol,-,,"(4R,4aS,7S,7aR,12bS)-3-methyl-1,2,4,5,6,7,7a,13-octahydro-4,12-methanobenzofuro[3,2-e]isoquinoline-4a,7,9-triol","2183-56-4; idromorfinolo; 7,8-Dihydro-14-hydroxymorphine",,,,,C17H21NO4,303.35,,,,,semi-synthetic,,1932,Austria,,,,,
hydromorphone,0,,,1,040702050,4.7.2,1,N02AA03; N02AG04; N02AA53,analgesics,1,1,1,1,1,hydromorphone,hydromorphone,-,Dilaudid; hydromorphone hydrochloride; Palladone; Palladone SR,"(4R,4aR,7aR,12bS)-9-hydroxy-3-methyl-1,2,4,4a,5,6,7a,13-octahydro-4,12-methanobenzofuro[3,2-e]isoquinolin-7-one",dihydromorphinone; dimorphone; idromorfone; ,,,,structural isomer of morphine,C17H19NO3,285.34,agonist,agonist,agonist,,semi-synthetic,,1923,,,,,1984,FDA
hydroxypethidine,0,,,0,,,0,,,1,1,0,0,1,hydroxypethidine,hydroxypethidine,-,,ethyl 4-(3-hydroxyphenyl)-1-methylpiperidine-4-carboxylate,oxipethidine; oxydolantin; bemidone; demidone; 485-56-4,,pethidine,,,C15H21NO3,263.33,,,,,synthetic,,,,,,,,
ibazocine,1,INN,,0,,,0,,,0,0,0,0,1,ibazocine,-,ibazocine,,"1,13,13-trimethyl-10-(3-methylbut-2-enyl)-10-azatricyclo[7.3.1.02,7]trideca-2(7),3,5-trien-4-ol",57653-28-8,,,,,C20H29NO,299.4,,,,,synthetic,benzomorphan,,,,,,,
IQMF-4,1,literature,https://pubmed.ncbi.nlm.nih.gov/18706410/,0,,,0,,,0,0,0,0,0,,,,,N-[1-phenylpyrazol-3-yl]-N-[1-(2-phenethyl)-4-piperidyl] propenamide,,,fentanyl,,,,,,,,,synthetic,,,,,,,,
isobutyrylfentanyl,1,literature,https://pubmed.ncbi.nlm.nih.gov/28382544/,0,,,0,,,0,0,0,0,0,,,,,2-methyl-N-phenyl-N-[1-(1-phenylpropan-2-yl)piperidin-4-yl]propanamide,,,fentanyl,,,,,,,,,synthetic,,,,,,,,
isofentanyl,1,wiki,,0,,,0,,,0,0,0,0,0,,,,,N-(1-Benzyl-3-methylpiperidin-4-yl)-N-phenylpropanamide,,,fentanyl,,,C22H28N2O2,336.5,,,,,synthetic,,1973,,,,,,
isomethadone,0,,,0,,,0,,,1,1,0,0,1,isomethadone,isomethadone,-,,"6-(dimethylamino)-5-methyl-4,4-diphenylhexan-3-one",isoamidone II; 466-40-0,methadone,,,S isomer is more potent of two enantiomers,C21H27NO,309.4,agonist,agonist,,,synthetic,,,,,,,,
ketazocine,1,literature,https://pubmed.ncbi.nlm.nih.gov/2847542/,0,,,0,,,0,0,0,0,1,ketazocine,-,ketazocine,ketocyclazocine,"(1R,9S,13R)-10-(cyclopropylmethyl)-4-hydroxy-1,13-dimethyl-10-azatricyclo[7.3.1.02,7]trideca-2(7),3,5-trien-8-one",UNII-6IO4IG518S; 36292-69-0,,,,,C18H23NO2,285.4,,,,,synthetic,benzomorphan,,,,,,,
ketobemidone,0,,,0,,,1,N02AB01; N02AG02,N02A,1,1,1,0,1,ketobemidone,ketobemidone,-,,1-[4-(3-hydroxyphenyl)-1-methylpiperidin-4-yl]propan-1-one,ciliradon; cetobemidone; 469-79-4,,,,,C15H21NO2,247.33,agonist,agonist,agonist,,synthetic,,1942,Germany,Eisleb,IG Farben,wiki,,
ketorfanol,1,INN,,0,,,0,,,0,1,0,0,1,ketorfanol,-,-,,"(1S,9R,10R)-17-(cyclopropylmethyl)-3-hydroxy-17-azatetracyclo[7.5.3.01,10.02,7]heptadeca-2(7),3,5-trien-13-one",UNII-8Z0ZXE70XL; 79798-39-3,butorphanol; oxilorphan; proxorphan; xorphanol,,,,"	C20H25NO2",311.4,,,,,synthetic,morphinan,,,,,,,
lefetamine,1,literature,https://www.sciencedirect.com/science/article/abs/pii/0376871689900719?via%3Dihub,0,,,0,,,0,1,0,0,1,lefetamine,-,-,santenol; lephetamine,"(1R)-N,N-dimethyl-1,2-diphenylethanamine",,,,,,"	C16H19N",225.33,,,,,synthetic,,,,,,,,
levacetylmethadol,0,,,0,,,1,N07BC03,other NS drugs,0,1,1,1,1,levacetylmethadol,-,levomethadyl acetate; lemomethadyl acetate hydrochloride ,,"[(3S,6S)-6-(dimethylamino)-4,4-diphenylheptan-3-yl] acetate",Levomethadyl acetate; R3B637Y991,,,,,C23H31NO2,353.5,agonist,,,,synthetic,,,,,,,1993,FDA
levallorphan,0,,,0,,,0,,,0,1,1,1,1,levallorphan,levallorphan,-,,"(1R,9R,10R)-17-prop-2-enyl-17-azatetracyclo[7.5.3.01,10.02,7]heptadeca-2(7),3,5-trien-4-ol",Naloxiphan; lorfan; 17-Allylmorphinan-3-ol,,,,,C19H25NO,283.4,antagonist,,agonist,,synthetic,,,,,,,,
levomethadone,0,,,0,,,1,N07BC05,other NS drugs,0,0,1,1,1,levomethadone,-,-,R-methadone; l-methadone; (-)-methadone,"(6R)-6-(dimethylamino)-4,4-diphenylheptan-3-one",(-)-Methadone; levothyl; l-polamivet; l-polamidon,,,,- isomer of methadone,"	C21H27NO",309.4,agonist,agonist,agonist,,synthetic,,,,,,,,
levomethorphan,0,,,0,,,0,,,1,1,0,0,1,levomethorphan,levomethorphan,-,,"(1R,9R,10R)-4-methoxy-17-methyl-17-azatetracyclo[7.5.3.01,10.02,7]heptadeca-2(7),3,5-triene",methorhpan; ,,,prodrug to levorphanol,l isomer of racemethorphan,"	C18H25NO",271.4,,,,,synthetic,morphinan,,,,,,,
levomoramide,0,,,0,,,0,,,1,0,0,0,1,levomoramide,levomoramide,-,,"(3R)-3-methyl-4-morpholin-4-yl-2,2-diphenyl-1-pyrrolidin-1-ylbutan-1-one",UNII-7M86YFN15D; levoramide,,,,inactive isomer of dextromoramide,C25H32N2O2,392.5,,,,,synthetic,,1956,Belgium,Paul Janssen,,wiki,,
levophenacylmorphan,0,,,0,,,0,,,1,0,0,0,1,levophenacylmorphan,levophenacylmorphan,-,,"2-[(1R,9R,10R)-4-hydroxy-17-azatetracyclo[7.5.3.01,10.02,7]heptadeca-2(7),3,5-trien-17-yl]-1-phenylethanone",UNII-7Q24AL2BR2; benzorphanol; 10061-32-2,,morphinan derivative,,,C24H27NO2,361.5,,,,,synthetic,morphinan,,,,,,,
levorphanol,0,,,0,,,0,,,1,1,1,1,1,levorphanol,levorphanol,-,,"(1R,9R,10R)-17-methyl-17-azatetracyclo[7.5.3.01,10.02,7]heptadeca-2(7),3,5-trien-4-ol",aromarone; levorphan; methorphinan; racemorphan,,,,levoratory optical isomer of racemorphan,"	C17H23NO",257.37,agonist,agonist,agonist,,synthetic,,1946,Germany,,,,1953,FDA
lofentanil,0,,,0,,,0,,,0,1,0,0,1,lofentanil,lofentanil,lofentanil oxalate,3-methylcarfentanil; 3-methyl-4-carbomethoxyfentanyl,"methyl (3R,4S)-3-methyl-1-(2-phenylethyl)-4-(N-propanoylanilino)piperidine-4-carboxylate",R-34995,,fentanyl,,,C25H32N2O3,408.5,agonist,,agonist,,synthetic,,1960,,,,,,
loperamide,0,,,1,0104020L0; 0104020P0,1.4.2,1,"A07DA03; A07DA05, A07DA53",antidiarrheals,0,1,0,1,1,loperamide,loperamide,loperamide; loperamide hydrochloride,Fortasec; Imodium; R-18553; Dioralez,"4-[4-(4-chlorophenyl)-4-hydroxypiperidin-1-yl]-N,N-dimethyl-2,2-diphenylbutanamide",Imodium; 53179-11-6,,,,,C29H33ClN2O2,477,agonist,agonist,agonist,,synthetic,,1969,Belgium,Paul Janssen,Janssen Pharmaceutica ,wiki,1976,FDA
meptazinol,0,,,1,0407020L0,4.7.2,1,N02AX05,analgesics,0,1,1,1,1,meptazinol,meptazinol,meptazinol hydrochloride,Meptid,3-(3-ethyl-1-methylazepan-3-yl)phenol,54340-58-8; meptid; 3-(3-ethyl-1-methylazepan-3-yl)phenol  ,,,,,C15H23NO,233.35,,,,,synthetic,,1970s,USA,,Wyeth ,wiki,1992,UK
metazocine,0,,,0,,,0,,,1,1,0,0,1,metazocine,metazocine,-,,"1,10,13-trimethyl-10-azatricyclo[7.3.1.02,7]trideca-2(7),3,5-trien-4-ol",Methobenzmorphan,pentazocine,,,,C15H21NO,231.33,,,,,synthetic,benzomorphan,,,,,,,
metethoheptazine,1,INN,,0,,,0,,,0,0,0,0,1,metethoheptazine,-,-,,"ethyl 1,3-dimethyl-4-phenylazepane-4-carboxylate","509-84-2; UNII-S36J5ZY2TH; ethyl 1,3-dimethyl-4-phenylazepane-4-carboxylate",heptazine; metheptazine,,,,C17H25NO2,275.4,,,,,synthetic,phenazepine,1960s,,,,,,
methadone,0,,,1,0407020M0; 0410030C0; 0309010S0,4.7.2; 4.10.3; 3.9.1,1,N07BC02; N02AC52,analgesics; other NS drugs,1,1,1,1,1,methadone,methadone,-,Dolophine HCL; Eptadone; Methadose; Physeptone,"6-(dimethylamino)-4,4-diphenylheptan-3-one",dl-Methadone; dolophine; phenadone; amidone ,,,,approved drug is racemic mixture,C21H27NO,309.4,agonist,,,,synthetic,,1937,Germany,,Hoechst AG,wiki,1947,FDA
metheptazine,1,INN,,0,,,0,,,0,0,0,0,1,metheptazine,-,-,,"methyl 1,2-dimethyl-4-phenylazepane-4-carboxylate",UNII-93X4R66P5A; 469-78-3,,,,,"	C16H23NO2",261.36,,,,,synthetic,phenazepane,1950s,USA,,American Home Products,wiki,,
methoxyacetylfentanyl,1,INCB,,0,,,0,,,1,0,0,0,0,,,,,2-methoxy-N-phenyl-N-[1-(2-phenylethyl)piperidin-4-yl]acetamide,101345-67-9; UNII-U7IAB3Z3V4,,fentanyl,,,C22H28N2O2,352.5,,,,,synthetic,,,,,,,,
methyldesorphine,0,,,0,,,0,,,1,0,0,0,1,methyldesorphine,methyldesorphine,-,,"(4R,4aR,7aS,12bS)-3,7-dimethyl-2,4,4a,5,7a,13-hexahydro-1H-4,12-methanobenzofuro[3,2-e]isoquinolin-9-ol",UNII-Y460N7W76B; MK57; 16008-36-9,,,,,C18H21NO2,283.4,,,,,synthetic,,1940,Germany,,,,,
methyldihydromorphine,0,,,0,,,0,,,1,0,0,0,1,methyldihydromorphine,-,-,,"(4R,4aR,7S,7aR,12bS)-3,7-dimethyl-1,2,4,4a,5,6,7a,13-octahydro-4,12-methanobenzofuro[3,2-e]isoquinoline-7,9-diol",UNII-26AY9TLO5W,dihydrocodeine,hydromorphone ,,,C18H23NO3,301.4,,,,,semi-synthetic,,1936,Germany,,,,,
methylnaltrexone,0,,,1,0106060A0,1.6.6,1,A06AH01,anti-constipation,0,1,1,1,1,methylnaltrexone bromide,methylnaltrexone bromide,methylnaltrexone bromide,MNTX; MRZ-2663BR; Relistor,"(4R,4aS,7aR,12bS)-3-(cyclopropylmethyl)-4a,9-dihydroxy-3-methyl-2,4,5,6,7a,13-hexahydro-1H-4,12-methanobenzofuro[3,2-e]isoquinolin-3-ium-7-one",83387-25-1; relistor; naltrexone MB,,noroxyorphone,,,C21H26NO4+,356.4,antagonist,antagonist,antagonist,,synthetic,,1963?,Germany,Boehringer Ingelheim,,,2008,EMA; FDA
metopon,0,,,0,,,0,,,1,1,0,0,1,metopon,metopon,-,5-methylhydromorphone,"(4R,4aR,7aR,12bS)-9-hydroxy-3,7a-dimethyl-2,4,4a,5,6,13-hexahydro-1H-4,12-methanobenzofuro[3,2-e]isoquinolin-7-one",Methyldihydromorphinone,,hydromorphone ,,,C18H21NO3,299.4,,,,,synthetic,,1929,,,,,,
mirfentanil,1,literature,https://pubmed.ncbi.nlm.nih.gov/1650830/,0,,,0,,,0,0,0,0,1,mirfentanil,-,mirfentanil hydrochloride,,N-[1-(2-phenylethyl)piperidin-4-yl]-N-pyrazin-2-ylfuran-2-carboxamide,UNII-Q2U943H24P; 117523-47-4,,fentanyl,,,C22H24N4O2,376.5,,,,,synthetic,,,,,,,,
morpheridine,0,,,0,,,0,,,1,1,0,0,1,morpheridine,morpheridine,-,,ethyl 1-(2-morpholin-4-ylethyl)-4-phenylpiperidine-4-carboxylate,UNII-1854GKB41Y; TA 1,pethidine,,,,C20H30N2O3,346.5,,,,,synthetic,,,,,,,,
morphine,0,,,1,0407020P0; 0407020Q0; 040702020; 0104020N0,4.7.2; 1.4.2,1,N02AA01; N02AG01; A07DA52; NO2AA5; R05DA05,analgesics; cough suppressant; antidiarrheals,1,1,1,1,1,morphine glucuronide,-,-,Morphgesic SR; MST Continus; MXL; Oramorph; Zomorph; Sevredol ,"(4R,4aR,7S,7aR,12bS)-3-methyl-2,4,4a,7,7a,13-hexahydro-1H-4,12-methanobenzofuro[3,2-e]isoquinoline-7,9-diol",,,,,,C17H19NO3,285.34,agonist,agonist,agonist,,alkaloid,,1803-1805,Germany,Friedrich Serturner,,,1984,FDA
moxazocine,1,literature,https://www.ncbi.nlm.nih.gov/pmc/articles/PMC1853585/,0,,,0,,,0,0,0,0,1,moxazocine,-,moxazocine,,"(1S,9R,13R)-10-(cyclopropylmethyl)-13-methoxy-1-methyl-10-azatricyclo[7.3.1.02,7]trideca-2(7),3,5-trien-4-ol",BL-4566; UNII-BNB57S7DWT; 58239-89-7,,,,,C18H25NO2,287.4,,,,,synthetic,benzomorphan,,,,,,,
MT-45,0,,,0,,,0,,,1,0,0,1,0,,,,,"1-cyclohexyl-4-(1,2-diphenylethyl)piperazine","IC-6; 1-cyclohexyl-4-(1,2-diphenylethyl)piperazine; 41537-67-1",,,,"racemic ixture, S enantiomer is active opioid","	C24H32N2",348.5,agonist,,,,synthetic,,1970s,Japan,,Dainippon Pharmaceutical Co.,wiki,,
myrophine,0,,,0,,,0,,,1,1,0,0,1,myrophine,myrophine,-,,"[(4R,4aR,7S,7aR,12bS)-3-methyl-9-phenylmethoxy-2,4,4a,7,7a,13-hexahydro-1H-4,12-methanobenzofuro[3,2-e]isoquinolin-7-yl] tetradecanoate",myrocodine,codeine,morphine,,,C38H51NO4,585.8,,,,,semi-synthetic,,1952,,,,,,
N-methylnorcarfentanil,1,wiki,,0,,,0,,,0,0,0,0,0,,,,N-Methylnorcarfentanyl,methyl 1-methyl-4-(N-phenylpropanamido)piperidine-4-carboxylate,,,fentanyl,,,,,,,,,synthetic,,,belgium,Paul Janssen,Janssen Pharmaceutica,wiki,,
nalbuphine,0,,,1,0407020Y0,4.7.2,1,N02AF02,analgesics,0,1,1,1,1,nalbuphine,-,nalbuphine hydrochloride,Nubain,"(4R,4aS,7S,7aR,12bS)-3-(cyclobutylmethyl)-1,2,4,5,6,7,7a,13-octahydro-4,12-methanobenzofuro[3,2-e]isoquinoline-4a,7,9-triol",20594-83-6; nubain,naloxone; naltrexone; oxymorphone,,,,C21H27NO4,357.4,agonist,antagonist,agonist,,semi-synthetic,,1965,,,,,1979,FDA
naldemedine,0,,,1,0106060C0AAAAAA,1.6.6,1,A06AH05,anti-constipation,0,1,1,1,1,naldemedine,-,naldemedine,Rizmoic,"(4R,4aS,7aR,12bS)-3-(cyclopropylmethyl)-4a,7,9-trihydroxy-N-[2-(3-phenyl-1,2,4-oxadiazol-5-yl)propan-2-yl]-1,2,4,5,7a,13-hexahydro-4,12-methanobenzofuro[3,2-e]isoquinoline-6-carboxamide",UNII-03KSI6WLXH; symproic; 916072-89-4,,naltrexone,,,C32H34N4O6,570.6,antagonist,antagonist,antagonist,,synthetic,,late 2000s to early 2010s,Japan,,shionogi,wiki,2017; 2019,FDA; EMA
nalfurafine,0,,,0,,,1,V03AX02,other therapeutic drugs,0,1,0,1,1,nalfurafine,-,-,remitch,"(E)-N-[(4R,4aS,7R,7aR,12bS)-3-(cyclopropylmethyl)-4a,9-dihydroxy-1,2,4,5,6,7,7a,13-octahydro-4,12-methanobenzofuro[3,2-e]isoquinolin-7-yl]-3-(furan-3-yl)-N-methylprop-2-enamide",152657-84-6; TRK 820; UNII-XC41AVD567,,naltrexone,,,C28H32N2O5,476.6,,,agonist,,synthetic,,1998,,,,,2009,Japan
nalmefene,0,,,1,0410010D0,4.10.1,1,N07BB05,other NS drugs,0,1,1,1,1,nalmefene,nalmefene,nalmefene,Selincro; nalmetrene,"(4R,4aS,7aS,12bS)-3-(cyclopropylmethyl)-7-methylidene-2,4,5,6,7a,13-hexahydro-1H-4,12-methanobenzofuro[3,2-e]isoquinoline-4a,9-diol",revex; selincro; 55096-26-9,,naltrexone,,,"	C21H25NO3",339.4,antagonist,agonist,antagonist,,synthetic,,1974,,,,,2013,EMA
nalmexone,1,literature,https://ascpt.onlinelibrary.wiley.com/doi/abs/10.1002/cpt1972134520,0,,,0,,,0,0,0,0,1,nalmexone,-, nalmexone hydrochloride,,"(4R,4aS,7aR,12bS)-4a,9-dihydroxy-3-(3-methylbut-2-enyl)-2,4,5,6,7a,13-hexahydro-1H-4,12-methanobenzofuro[3,2-e]isoquinolin-7-one",UNII-AIB278UKIG; 16676-26-9,,,,,"	C21H25NO4",355.4,,,,,semi-synthetic,,,,,,,,
nalorphine,0,,,0,,,1,V03AB02,other therapeutic products,0,1,1,1,1,nalorphine,nalorphine,-,,"(4R,4aR,7S,7aR,12bS)-3-prop-2-enyl-2,4,4a,7,7a,13-hexahydro-1H-4,12-methanobenzofuro[3,2-e]isoquinoline-7,9-diol",Allorphine; antorphin,,,,,C19H21NO3,311.4,antagonist,agonist,agonist,,semi-synthetic,,1954,,,,,,
naloxegol,0,,,1,0106060B0,1.6.6,1,A06AH03,anti-constipation;,0,1,1,1,1,naloxegol,naloxegol,naloxegol,AZ-13337019; AZ13337019; Movantik; NKTR-118; Moventig,"(4R,4aS,7S,7aR,12bS)-7-[2-[2-[2-[2-[2-[2-(2-methoxyethoxy)ethoxy]ethoxy]ethoxy]ethoxy]ethoxy]ethoxy]-3-prop-2-enyl-1,2,4,5,6,7,7a,13-octahydro-4,12-methanobenzofuro[3,2-e]isoquinoline-4a,9-diol",NKTR-118; movantik; 854601-70-0,,naloxone,,,C34H53NO11,651.8,antagonist,,,,synthetic,,,,,astrazeneca?,wiki,2014,EMA; FDA
naloxone,0,,,1,0410030B0; 0407020AF; 1501070G0; 1902070Q0,4.10.3; 4.7.2; 15.1.7; 19.2.7,1,A06AH04; V03AB15; N02AA55; N02AA53,anti-constipation; analgesics; other therapeutic products,0,1,1,1,1,naloxone,naloxone,naloxone hydrochloride,(-)-naloxone; l-naloxone; Naloxone Hydrochlorid; Narcan; Nyxoid; Prenoxad ,"(4R,4aS,7aR,12bS)-4a,9-dihydroxy-3-prop-2-enyl-2,4,5,6,7a,13-hexahydro-1H-4,12-methanobenzofuro[3,2-e]isoquinolin-7-one",465-65-6; narcan; n-Allylnoroxymorphone,,thebaine,,- isomer is active,C19H21NO4,327.4,antagonist,antagonist,antagonist,,semi-synthetic,,1961,japan?,lewenstein; fisman,sankyo,wiki,1971; 2017,FDA; EMA
naltrexone,0,,,1,0410030E0; 0405020U0,4.10.3; 4.5.2,1,N07BB04; N02AA56; A08AA62,other nervous system drugs; analgesics; antiobesity,0,1,1,1,1,naltrexone,naltrexone,naltrexone; naltrexone hydroxhloride,Adepend; Nalorex; Opizone,"(4R,4aS,7aR,12bS)-3-(cyclopropylmethyl)-4a,9-dihydroxy-2,4,5,6,7a,13-hexahydro-1H-4,12-methanobenzofuro[3,2-e]isoquinolin-7-one",16590-41-3; revia; vivitrol; N-Cyclopropylmethylnoroxymorphone,,naloxone; noroxymorphone,,- isomer is active,C20H23NO4,341.4,antagonist,antagonist,antagonist,,semi-synthetic,,1963,USA,Metossian,Endo Laboratories,wiki,1998; 2011,FDA; UK
narceine,0,,,0,,,0,,,0,1,1,0,0,,,,,"6-[2-[6-[2-(dimethylamino)ethyl]-4-methoxy-1,3-benzodioxol-5-yl]acetyl]-2,3-dimethoxybenzoic acid",UNII-CTT09X2F1M; 131-28-2,,,,,C23H27NO8,445.5,,,,,alkaloid,,,,,,,,
nexeridine,1,INN,,0,,,0,,,0,0,0,0,1,nexeridine,-,nexeridine hydrochloride,,[1-[1-(dimethylamino)propan-2-yl]-2-phenylcyclohexyl] acetate,UNII-8CM77ZQ65K,pethidine; tramadol,,,,C19H29NO2,303.4,,,,,synthetic,,1975,,,,,,
nicocodine,0,,,0,,,0,,,1,0,1,0,1,nicocodine,nicocodine,-,,"[(4R,4aR,7S,7aR,12bS)-9-methoxy-3-methyl-2,4,4a,7,7a,13-hexahydro-1H-4,12-methanobenzofuro[3,2-e]isoquinolin-7-yl] pyridine-3-carboxylate",Lyopect,,nicomorphine,dihydrocodeine; codeine; nicodicodine,,"	C24H24N2O4",404.5,,,,,semi-synthetic,,1957,Austria,Lannacher Heilmittel,,,,
nicodicodine,0,,,0,,,0,,,1,0,0,0,1,nicodicodine,nicodicodine,-,,"[(4R,4aR,7S,7aR,12bS)-9-methoxy-3-methyl-2,4,4a,5,6,7,7a,13-octahydro-1H-4,12-methanobenzofuro[3,2-e]isoquinolin-7-yl] pyridine-3-carboxylate",UNII-04G0T06UGT; 808-24-2,,nicocodine,codeine,,C24H26N2O4,406.5,,,,,semi-synthetic,,,,,,,,
nicomorphine,0,,,0,,,1,N02AA04,analgesics,1,1,1,0,1,nicomorphine,nicomorphine,-,,"[(4R,4aR,7S,7aR,12bS)-3-methyl-9-(pyridine-3-carbonyloxy)-2,4,4a,7,7a,13-hexahydro-1H-4,12-methanobenzofuro[3,2-e]isoquinolin-7-yl] pyridine-3-carboxylate",UNII-Y95FRL95FW; 639-48-5; Morphine dinicotinate,,morphine,,,C29H25N3O5,495.5,,,,,semi-synthetic,,1904,,,,,,
noracymethadol,0,,,0,,,0,,,1,1,0,0,1,noracymethadol,noracymethadol,noracymethadol hydrochloride,,"[6-(methylamino)-4,4-diphenylheptan-3-yl] acetate",Paracymethadol; UNII-KU5U13XY7J,methadone,,,,C22H29NO2,339.5,,,,,synthetic,,,,,,,,
norcodeine,0,,,0,,,0,,,1,1,0,0,1,norcodeine,norcodeine,-,,"(4R,4aR,7S,7aR,12bS)-9-methoxy-1,2,3,4,4a,7,7a,13-octahydro-4,12-methanobenzofuro[3,2-e]isoquinolin-7-ol",N-Desmethylcodeine; 467-15-2,,codeine,,,C17H19NO3,285.34,,,,,semi-synthetic,,,,,,,,
norlevorphanol,0,,,0,,,0,,,1,1,0,0,1,norlevorphanol,norlevorphanol,-,,"17-azatetracyclo[7.5.3.01,10.02,7]heptadeca-2(7),3,5-trien-4-ol",(+)-Morphinan-3-ol; ,,,,levo isomer of hydroxymorphinan,C16H21NO,243.34,,,,,synthetic,morphinan,,,,,,,
normethadone,0,,,0,,,1,R05DA06,cough suppressant,1,1,0,0,1,normethadone,normethadone,-,,"6-(dimethylamino)-4,4-diphenylhexan-3-one",Phenyldimazone; Desmethylmethadone; noramidone; normedon,,,,,C20H25NO,295.4,,,,,synthetic,,,,,,,,
normorphine,0,,,0,,,0,,,1,1,0,1,1,normorphine,normorphine,-,,"(4R,4aR,7S,7aR,12bS)-1,2,3,4,4a,7,7a,13-octahydro-4,12-methanobenzofuro[3,2-e]isoquinoline-7,9-diol",UNII-XUI1Y24IMI; 466-97-7,,morphine,,,C16H17NO3,271.31,agonist,agonist,agonist,,synthetic,,1950s,,,,,,
norpipanone,0,,,0,,,0,,,1,1,0,0,1,norpipanone,norpipanone,-,,"4,4-diphenyl-6-piperidin-1-ylhexan-3-one",UNII-127X8DJ74M; 561-48-8; Hoechst 10495,methadone; dipipanone,,,,C23H29NO,335.5,,,,,synthetic,,,Germany,,,,,
noscapine,0,,,0,,,1,R05DA07,cough suppressant,0,1,0,1,1,noscapine,noscapine,-,narcotine,"(3S)-6,7-dimethoxy-3-[(5R)-4-methoxy-6-methyl-7,8-dihydro-5H-[1,3]dioxolo[4,5-g]isoquinolin-5-yl]-3H-2-benzofuran-1-one",128-62-1; Tusscapine; narcotine; terbenol ,,fentanyl,,,C22H23NO7,413.4,,,,,alkaloid,,1817,France,Pierre Robiquet,,,,
ocfentanil,0,,,0,,,0,,,1,0,0,0,1,ocfentanil,-,ocfentanil hydrochloride,,N-(2-fluorophenyl)-2-methoxy-N-[1-(2-phenylethyl)piperidin-4-yl]acetamide,101343-69-5; UNII-MX52WBC8EV,,fentanyl,,,C22H27FN2O2,370.5,,,,,synthetic,,early 1990s,,,,,,
ohmefentanyl,0,,,0,,,0,,,1,0,0,0,0,,,,beta-Hydroxy-3-methyl fentanyl; β-hydroxy-3-methylfentanyl; OMF; RTI-4614-4,N-[1-(2-hydroxy-2-phenylethyl)-3-methylpiperidin-4-yl]-N-phenylpropanamide,ohmefentanyl ,carfentanil; etorphine,fentanyl,,3x stereogenic centers & 8x stereoisomers named F9201–F9208,C23H30N2O2,366.5,agonist,,,,synthetic,,,,,,,,
oliceridine,0,literature,https://www.ncbi.nlm.nih.gov/pubmed/30881102,0,,,0,,,0,0,0,1,1,oliceridine,-,oliceridine,TRV130,N-[(3-methoxythiophen-2-yl)methyl]-2-[(9R)-9-pyridin-2-yl-6-oxaspiro[4.5]decan-9-yl]ethanamine,TRV130; 1401028-24-7; UNII-MCN858TCP0,,,,,"	C22H30N2O2S",386.6,agonist,,,,synthetic,,2013,,,Trevena,wiki,2020,FDA
opium,0,,,1,0407020W0; 0104020N0,4.7.2; 1.4.2,1,A07DA02; R05DA20; N02AA02;R05DA05; R05FA02; R05FA01,antipropulsives; analgesics; cough suppressants,1,1,1,0,0,,,,Dropizol,,,,,,,,,agonist,agonist,agonist,,alkaloid,,,,,,,,
oripavine,0,,,0,,,1,N02AE,analgesics,1,1,0,0,0,,,,,"(4R,7aR,12bS)-7-methoxy-3-methyl-2,4,7a,13-tetrahydro-1H-4,12-methanobenzofuro[3,2-e]isoquinolin-9-ol",467-04-9; UNII-575AOU51CR,buprenorphine; etorphine; acetorphine,,,,C18H19NO3,297.3,,,,,alkaloid,,,,,,,,
orthofluorofentanyl,1,INCB,,0,,,0,,,1,0,0,0,0,,,,,N-(2-fluorophenyl)-N-[1-(2-phenylethyl)piperidin-4-yl]propanamide,UNII-Y1S8D8G19A; 2-fluorofentanyl,,fentanyl,,structural isomer of parafluorofentanyl,"	C22H27FN2O",354.5,,,,,synthetic,,,,,,,,
oxilorphan,1,literature,https://pubmed.ncbi.nlm.nih.gov/237112/; https://www.sciencedirect.com/science/article/abs/pii/001429998390198X?via%3Dihub,0,,,0,,,0,0,0,0,1,oxilorphan,-,oxilorphan,,"(1S,9R,10S)-17-(cyclopropylmethyl)-17-azatetracyclo[7.5.3.01,10.02,7]heptadeca-2(7),3,5-triene-4,10-diol",levo-BC 2605,,,,,C20H27NO2,313.4,antagonist,,partial agonist,,synthetic,morphinan,,,,,,,
oxpheneridine,1,literature,https://pubs.acs.org/doi/abs/10.1021/jm50008a003,0,,,0,,,0,0,0,0,1,oxpheneridine,-,-,,ethyl 1-(2-hydroxy-2-phenylethyl)-4-phenylpiperidine-4-carboxylate,UNII-5OO7RKH9WL; 546-32-7,pethidine,,,,C22H27NO3,353.5,,,,,synthetic,,,,,,,,
oxycodone,0,,,1,0407020AF; 0407020AD,4.7.2,1,N02AA05; N02AJ18; N02AJ19; N02AA55; N02AA56; N02AJ17,analgesics,1,1,1,1,1,oxycodone,oxycodone,oxycodone,oxycodone hydrochloride; Roxicodone; Abtard; Lynlor; OxyContin; Oxynorm; Reltebon,"(4R,4aS,7aR,12bS)-4a-hydroxy-9-methoxy-3-methyl-2,4,5,6,7a,13-hexahydro-1H-4,12-methanobenzofuro[3,2-e]isoquinolin-7-one",Dihydrohydroxycodeinone; dihydrone; oxycodeinone; dihydroxycodeinone,made from thebaine,,,,C18H21NO4,315.4,agonist,agonist,agonist,,semi-synthetic,,1916,Germany,Martin Freud; Edmund Speyer,Uni of Frankfurt,wiki,1998,FDA
oxymorphone,0,,,0,,,0,,,1,1,1,1,1,oxymorphone,oxymorphone,-,,"(4R,4aS,7aR,12bS)-4a,9-dihydroxy-3-methyl-2,4,5,6,7a,13-hexahydro-1H-4,12-methanobenzofuro[3,2-e]isoquinolin-7-one",Numorphan; 76-41-5; Dihydrohydroxymorphinone,produced from thebaine,,,,C17H19NO4,301.34,agonist,antagonist,,,semi-synthetic,,1914,Germany,,,,1959,FDA
papaveretum,0,,,1,0407020AB; 04070010A0,4.7.2; 4.7.1,1,N02AA10,analgesics,0,1,1,0,0,,,,,"(4R,4aR,7S,12bS)-9-methoxy-3-methyl-2,4,4a,7,7a,13-hexahydro-1H-4,12-methanobenzofuro[3,2-e]isoquinolin-7-ol;(4R,4aR,7S,12bS)-3-methyl-2,4,4a,7,7a,13-hexahydro-1H-4,12-methanobenzofuro[3,2-e]isoquinoline-7,9-diol;1-[(3,4-dimethoxyphenyl)methyl]-6,7-dimethoxyisoquinoline;hydrochloride  ",,,,,,,,,,,,alkaloid,,,,,,,,
parafluorobutyrylfentanyl,1,INCB,,0,,,0,,,1,0,0,0,0,,,,,-,,,fentanyl,,,,,,,,,synthetic,,,,,,,,
parafluorofentanyl,0,,,0,,,0,,,1,0,0,0,0,,,,,N-(4-fluorophenyl)-N-[1-(2-phenylethyl)piperidin-4-yl]propanamide,4-fluorofentanyl; 90736-23-5; p-fluorofentanyl; 4-fluorofentanyl,,fentanyl,,,C22H27FN2O,354.5,,,,,synthetic,,1960s,Belgium,,Janssen Pharmaceutica,wiki,,
pentamorphone,0,,,0,,,0,,,0,0,1,0,1,pentamorphone,-,pentamorphone,,"(4R,4aS,7aR,12bR)-9-hydroxy-3-methyl-4a-(pentylamino)-2,4,7a,13-tetrahydro-1H-4,12-methanobenzofuro[3,2-e]isoquinolin-7-one",UNII-MM4487B4MW; 68616-83-1,morphine; hydromorphone; oxymorphone ,,,,C22H28N2O3,368.5,,,,,semi-synthetic,,1984,,,,wiki,,
pentazocine,0,,,1,0407020T0; 0407020U0,4.7.2,1,N02AD01,analgesics,0,1,1,1,1,pentazocine,pentazocine,pentazocine; pentazocine hydrochloride; pentazocine lactate,Fortral,"(1R,9R,13R)-1,13-dimethyl-10-(3-methylbut-2-enyl)-10-azatricyclo[7.3.1.02,7]trideca-2(7),3,5-trien-4-ol",,phenazocine,,,given as racemic mixture,C19H27NO,285.4,partial agonist-antagonist,agonist,partial agonist,,synthetic,benzomorphan,,USA,,Sterling Drug Company,wiki,1967,FDA
PEPAP,0,,,0,,,0,,,1,0,0,0,0,,,,,[4-phenyl-1-(2-phenylethyl)piperidin-4-yl] acetate,64-52-8; 1-(2-Phenethyl)-4-phenyl-4-acetoxypiperidine,MPPP,pethidine,,,"	C21H25NO2",323.4,,,,,synthetic,,,,,,,,
pethidine,0,,,1,0407020V0,4.7.2,1,N02AB02; N02AG03; N02AB52; N02AB72,analgesics,1,1,1,1,1,pethidine,-,-,meperidine; demerol ,ethyl 1-methyl-4-phenylpiperidine-4-carboxylate,meperidine; demerol; isonipecaine; ,,,,,C15H21NO2,247.33,agonist,agonist,agonist,,synthetic,,1938,Germany,Otto Eisleb,,wiki,1942,FDA
phenadoxone,0,,,0,,,0,,,1,1,0,0,1,phenadoxone,phenadoxone,-,,"6-morpholin-4-yl-4,4-diphenylheptan-3-one",,,,,,C23H29NO2,351.5,,,,,synthetic,,1947,Germany,,Hoechst AG,wiki,,
phenampromide,0,,,0,,,0,,,1,1,0,0,1,phenampromide,phenampromide,-,,N-phenyl-N-(1-piperidin-1-ylpropan-2-yl)propanamide,fenampromide,,,,,C17H26N2O,274.4,,,,,synthetic,ampromide,1960s,USA,,AMerican Cyanamid Co. ,wiki,,
phenazocine,0,,,0,,,1,N02AD02,analgesics,1,1,1,0,1,phenazocine,phenazocine,-,,"1,13-dimethyl-10-(2-phenylethyl)-10-azatricyclo[7.3.1.02,7]trideca-2(7),3,5-trien-4-ol",127-35-5; prinadol; phenethylazocine,pentazocine,,,,C22H27NO,321.5,,,,,synthetic,benzomorphan,1950s,,,,,,
pheneridine,1,INN,,0,,,0,,,0,0,0,0,1,pheneridine,-,-,,"ethyl 4-phenyl-1-(2-phenylethyl)piperidine-4-carboxylate

",UNII-2UG271VI0Z; 469-80-7,,pethidine,,,C22H27NO2,337.5,,,,,synthetic,,,,,,,,
phenomorphan,0,,,0,,,0,,,1,1,0,0,1,phenomorphan,phenomorphan,-,,"(1R,9R,10R)-17-(2-phenylethyl)-17-azatetracyclo[7.5.3.01,10.02,7]heptadeca-2(7),3,5-trien-4-ol",468-07-5; NIH 7274,,,,,C24H29NO,347.5,,,,,synthetic,morphinan,late 1950s,Germany,,,,,
phenoperidine,0,,,0,,,1,N01AH04,anaesthetic,1,1,1,0,1,phenoperidine,-,-,,ethyl 1-(3-hydroxy-3-phenylpropyl)-4-phenylpiperidine-4-carboxylate,562-26-5,,,,,"	C23H29NO3",367.5,,,,,synthetic,,1957,Belgium,,Janssen Pharmaceutica,wiki,,
pholcodine,0,,,1,0309010X0; 0309020AB,3.9.1; 3.9.2,1,R05DA08,cough suppressant,1,1,0,1,1,pholcodine,pholcodine,-,Covonia Dry Cough; Galenphol; Pavacol-D; Pholcodine Linctus; morpholinethylmorphine; homocodeine,"(4R,4aR,7S,7aR,12bS)-3-methyl-9-(2-morpholin-4-ylethoxy)-2,4,4a,7,7a,13-hexahydro-1H-4,12-methanobenzofuro[3,2-e]isoquinolin-7-ol",Morpholinylethylmorphine; galenphol,,,,,C23H30N2O4,398.5,antagonist,antagonist,antagonist,,synthetic,,,,,,,1993,UK
picenadol,0,,,0,,,0,,,0,0,1,0,1,picenadol,-,-,,"3-[(3R,4S)-1,3-dimethyl-4-propylpiperidin-4-yl]phenol

",79201-85-7,,,,"racemic mixture- (3R, 4R) enantiomer is mu agonist, whereas (3S, 4S) enantiomer is antagonist",C16H25NO,247.38,agonist-antagonist,,,,synthetic,,1970s,,Eli Lilly,,https://en.wikipedia.org/wiki/Picenadol,,
piminodine,0,,,0,,,0,,,1,1,0,0,1,piminodine,piminodine,-,,ethyl 1-(3-anilinopropyl)-4-phenylpiperidine-4-carboxylate,Anopridine; cimadon,,pethidine,,,C23H30N2O2,366.5,,,,,synthetic,,,,,,,,
pinadoline,1,INN,,0,,,0,,,0,0,0,0,1,pinadoline,-,pinadoline,,"3-chloro-N'-(5-chloropentanoyl)-6H-benzo[b][1,4]benzoxazepine-5-carbohydrazide",,,,,,C19H19Cl2N3O3,408.3,,,,,synthetic,,,,,,,,
piritramide,0,,,0,,,1,N02AC03,analgesics,1,1,1,0,1,piritramide,piritramide,-,,"1-(3-cyano-3,3-diphenylpropyl)-4-piperidin-1-ylpiperidine-4-carboxamide",Pirinitramide; dipidolor; dipitramide,bezitramide,,,,C27H34N4O,430.6,agonist,,,,synthetic,,1960,Belgium,,janssen pharmaceuticals,wiki,,
prodine,1,literature,https://pubmed.ncbi.nlm.nih.gov/1177250/,0,,,0,,,0,0,0,0,0,,,,,"(1,3-dimethyl-4-phenylpiperidin-4-yl) propanoate ",,alphaprodine; betaprodine,pethidine,,racemic mixture of alphaprodine and betaprodine,C16H23NO2,261.36,,,,,synthetic,,late 1940s,germany,,,,,
proheptazine,0,,,0,,,0,,,1,1,0,0,1,proheptazine,proheptazine,-,,"(1,3-dimethyl-4-phenylazepan-4-yl) propanoate",UNII-S23189WW7E; 77-14-5,,ethoheptazine,,,C17H25NO2,275.4,,,,,synthetic,phenazepine,1960s,,,wyth laboratories ,https://pubs.acs.org/doi/abs/10.1021/jm00331a013,1964,FDA
properidine,0,,,0,,,0,,,1,0,0,0,1,properidine,properidine,-,,propan-2-yl 1-methyl-4-phenylpiperidine-4-carboxylate,ipropethidine; gevelina; isopedine,,pethidine,,,C16H23NO2,261.36,,,,,synthetic,,,,,,,,
propiram,0,,,0,,,0,,,1,1,1,0,1,propiram,propiram fumarate,propiram fumarate ,isopropiram,N-(1-piperidin-1-ylpropan-2-yl)-N-pyridin-2-ylpropanamide,isopropiram,,,,,C16H25N3O,275.39,,,,,synthetic,ampromide,1963,UK,,Bayer,wiki,,
proxorphan,1,literature,https://www.sciencedirect.com/science/article/abs/pii/0028390888900962?via%3Dihub,0,,,0,,,0,0,0,0,1,proxorphan,-,proxorphan tartrate,,"(1S,9R,10R)-17-(cyclopropylmethyl)-13-oxa-17-azatetracyclo[7.5.3.01,10.02,7]heptadeca-2(7),3,5-trien-4-ol",UNII-TFE8T279QV; 69815-38-9,,,,,C19H25NO2,299.4,,,,,synthetic,morphinan,,,,,,,
quadazocine,1,guide2pharm,,0,,,0,,,0,0,0,1,1,quadazocine,quadazocine,quadazocine mesylate,,"1-cyclopentyl-5-[(1S,9R)-4-hydroxy-1,10,13-trimethyl-10-azatricyclo[7.3.1.02,7]trideca-2(7),3,5-trien-13-yl]pentan-3-one","Win 44441
",,,,,C25H37NO2,383.6,antagonist,antagonist,antagonist,,synthetic,benzomorphan,,,,,,,
R-30490,1,literature,https://link.springer.com/article/10.1007%2FBF00449683; https://www.sciencedirect.com/science/article/abs/pii/001429999290685W?via%3Dihub,0,,,0,,,0,0,0,0,0,,,,4-methoxymethylfentanyl,N-[4-(methoxymethyl)-1-(2-phenylethyl)piperidin-4-yl]-N-phenylpropanamide,,,fentanyl,,,C24H32N2O2,380.5,agonist,,,,synthetic,,,,Paul Janssen,janssen pharmaceutica,wiki,,
remifentanil,0,,,1,1501010Q0,15.1.1,1,N01AH06,anaesthetic,1,1,1,1,1,remifentanil,remifentanil,remifentanil hydrochloride,GI-87084B; Ultiva,methyl 1-(3-methoxy-3-oxopropyl)-4-(N-propanoylanilino)piperidine-4-carboxylate,ultiva; 132875-61-7,,fentanyl,,,C20H28N2O5,376.4,agonist,agonist,agonist,,synthetic,,,,,Glaxo Wellcome inc,wiki,1996,FDA
sameridine,1,literature,https://journals.lww.com/anesthesia-analgesia/Fulltext/1999/04000/Sameridine_Is_Safe_and_Effective_for_Spinal.25.aspx,0,,,0,,,0,0,0,0,1,sameridine,-,-,,N-ethyl-1-hexyl-N-methyl-4-phenylpiperidine-4-carboxamide,143257-97-0; UNII-NQP2Y50Y6B,,,,,C21H34N2O,330.5,agonist,,,,synthetic,,,,,,,,
semorphone,1,literature,https://link.springer.com/article/10.1007%2FBF00194395,0,,,0,,,0,0,0,0,1,semorphone,-,-,,"(4R,4aS,7aR,12bS)-4a,9-dihydroxy-3-(2-methoxyethyl)-2,4,5,6,7a,13-hexahydro-1H-4,12-methanobenzofuro[3,2-e]isoquinolin-7-one",UNII-2HD55617I2; Mr 2264,,N-substituted derivative of oxymorphone,,,C19H23NO5,345.4,,,,,semi-synthetic,,,,,,,,
spiradoline,0,,,0,,,0,,,0,0,1,1,1,spiradoline,-,spiradoline mesylate,,"2-(3,4-dichlorophenyl)-N-methyl-N-[(5R,7S,8S)-7-pyrrolidin-1-yl-1-oxaspiro[4.5]decan-8-yl]acetamide",U62066,,,,,"	C22H30Cl2N2O2",425.4,,,agonist,,synthetic,,,,,,,,
sufentanil,0,,,0,,,1,N01AH03,anaesthetic,1,1,1,1,1,sufentanil,sufentanil,sufentanil citrate,dsuvia,N-[4-(methoxymethyl)-1-(2-thiophen-2-ylethyl)piperidin-4-yl]-N-phenylpropanamide,56030-54-7; chronogesic ,,fentanyl,,,C22H30N2O2S,386.6,agonist,agonist,,,synthetic,,1974,Belgium,,Janssen Pharmaceutica,wiki,1984; 2015,FDA; EMA
tapentadol,0,,,1,0407020AG,4.7.2,1,N02AX06,analgesics,0,1,1,1,1,tapentadol,-,tapentadol,BN-200; CG-5503; Nucynta; Palexia,"3-[(2R,3R)-1-(dimethylamino)-2-methylpentan-3-yl]phenol",nucynta; palexia; 175591-23-8; UNII-H8A007M585,,,,,C14H23NO,221.34,agonist,,,,synthetic,benzenoid,1980s,Germany,,Grunental,wiki,2008; 2010; 2011,FDA; TGA; UK
tetrahydrofuranylfentanyl,0,,,0,,,0,,,1,0,0,0,0,,,,,N-phenyl-N-[1-(2-phenylethyl)piperidin-4-yl]oxolane-2-carboxamide,,,fentanyl,,,C24H30N2O2,378.5,,,,,synthetic,,,,,,,,
tetramethylcyclopropylfentanyl,1,literature,https://pubmed.ncbi.nlm.nih.gov/32749741/,0,,,0,,,0,0,0,0,0,,,,Unii-0wgc89YK4R,"2,2,3,3-tetramethyl-N-phenyl-N-[1-(2-phenylethyl)piperidin-4-yl]cyclopropane-1-carboxamide  ",,,fentanyl,,,C27H36N2O,404.6,,,,,synthetic,,,,,,,,
thebacon,0,,,0,,,1,R05DA10,cough suppressant,1,1,0,0,1,thebacon,thebacon,-,,"[(4R,4aR,7aR,12bS)-9-methoxy-3-methyl-2,4,4a,5,7a,13-hexahydro-1H-4,12-methanobenzofuro[3,2-e]isoquinolin-7-yl] acetate",UNII-520D430GDK; acedikon; 466-90-0,,,,,C20H23NO4,341.4,,,,,semi-synthetic,,1924,Germany,,,,,
thebaine,0,,,0,,,0,,,1,1,0,0,0,,,,,"(4R,7aR,12bS)-7,9-dimethoxy-3-methyl-2,4,7a,13-tetrahydro-1H-4,12-methanobenzofuro[3,2-e]isoquinoline",115-37-7; paramorphine; 3-O-methyl-oripavin,oripavine,,,,C19H21NO3,311.4,,,,,alkaloid,,,,,,,,
thiafentanil,1,literature,https://pubmed.ncbi.nlm.nih.gov/29042317/,0,,,0,,,0,0,0,0,0,,,,,methyl 4-(N-(2-methoxyacetyl)anilino)-1-(2-thiophen-2-ylethyl)piperidine-4-carboxylate,,,fentanyl,,,,,,,,,synthetic,,1986,USA?,,,,,
thiofentanyl,0,,,0,,,0,,,1,0,0,0,0,,,,,N-phenyl-N-[1-(2-thiophen-2-ylethyl)piperidin-4-yl]propanamide ,,,fentanyl,,,C22H28N2O3S,400.5,,,,,synthetic,,,,,,,,
tianeptine,0,literature,https://www.ncbi.nlm.nih.gov/pmc/articles/PMC5561344/,0,,,0,,,0,1,0,0,1,tianeptine,-,-,,"7-[(3-chloro-6-methyl-5,5-dioxo-11H-benzo[c][2,1]benzothiazepin-11-yl)amino]heptanoic acid","66981-73-5; 72797-41-2

",antidepressants,,,,C21H25ClN2O4S,437,agonist,,,,synthetic,,1960s,France,,French society of medical research,wiki,,
tilidine,0,,,0,,,1,N02AX01,analgesics,1,1,1,0,1,tilidine,tilidate,tilidine hydroxhloride,,"ethyl (1S,2R)-2-(dimethylamino)-1-phenylcyclohex-3-ene-1-carboxylate

",dextililidine trans-tilidine,,,,,C17H23NO2,273.37,,,,,synthetic,,,,,,,,
tonazocine,1,literature,https://www.sciencedirect.com/science/article/abs/pii/0143417985900320?via%3Dihub,0,,,0,,,0,0,0,0,1,tonazocine,-,tonazocine,,"1-[(1R,9S,13S)-4-hydroxy-1,10,13-trimethyl-10-azatricyclo[7.3.1.02,7]trideca-2(7),3,5-trien-13-yl]octan-3-one
",71461-18-2; Q7820754,,,,,C23H35NO2,357.5,,,,,synthetic,benzomorphan,,,,,,,
tramadol,0,,,1,40702040,4.7.2,1,N02AX02; N02AJ13 N02AJ14; N02AJ15; ,analgesics,0,1,1,1,1,tramadol,tramadol,tramadol hydrochloride,"(1RS,2RS)-2-[(dimethylamino)methyl]-1-(3-methoxyphenyl)-cyclo-hexanol; Maxitram; Tilodol; Tramacet; Dromadol; Invodol; Larapam; Mabron; Maneo; Marol; Maxitram; Oldaram; Tilodol;Tradorec; Tramquel; Tramulief; Zamadol; Zeridame; Zydol","(1R,2R)-2-[(dimethylamino)methyl]-1-(3-methoxyphenyl)cyclohexan-1-ol",27203-92-5,,,,administered as racemate,C16H25NO2,263.37,agonist,agonist,agonist,,synthetic,,1963,west germany,tramal,Grunental GmbH,wiki,1995; 2003,FDA; UK
trefentanil,0,,,0,,,0,,,0,0,1,0,1,trefentanil,-,trefentanil hydrochloride,,"N-[1-[2-(4-ethyl-5-oxotetrazol-1-yl)ethyl]-4-phenylpiperidin-4-yl]-N-(2-fluorophenyl)propanamide

",UNII-36QM58LVGU; 120656-74-8,,fentanyl,,given as D-entaniomer,C25H31FN6O2,466.6,agonist,,,,synthetic,,1992,,,,,,
trimebutine,0,,,0,,,1,A03AA05,drugs for functional gastrointestinal disorders,0,1,0,0,1,trimebutine,trimebutine,-,,"[2-(dimethylamino)-2-phenylbutyl] 3,4,5-trimethoxybenzoate",39133-31-8,,,,,C22H29NO5,387.5,agonist,,,,synthetic,,,,,,,,
trimeperidine,0,,,0,,,0,,,1,1,1,0,1,trimeperidine,trimeperidine,-,,"(1,2,5-trimethyl-4-phenylpiperidin-4-yl) propanoate",promedol; ispromedol; dimethylmeperidine,,prodine,,4 isomers- gamma isomer ( trimeperidine) and beta isomer (isopromedol) are active,"	C17H25NO2",275.4,,,,,synthetic,,1956,USSR,,"Nazarov, Prostakov, Shvestov",wiki,,
U-47700,0,,,0,,,0,,,1,0,0,0,0,,,,,"3,4-dichloro-N-[2-(dimethylamino)cyclohexyl]-N-methylbenzamide",121348-98-9,,,,structural isomer of AH-7921,C16H22Cl2N2O,329.3,,,,,synthetic,,1970s,USA,,upjohn,wiki,,
valerylfentanyl ,1,INCB,,0,,,0,,,1,0,0,0,0,,,,,N-phenyl-N-[1-(2-phenylethyl)piperidin-4-yl]pentanamide,122882-90-0; UNII-VUG0EQK700,,fentanyl,,,C24H32N2O,364.5,,,,,synthetic,,,,,,,,
veradoline,1,INN,,0,,,0,,,0,0,0,0,1,veradoline,-,veradoline hydrochloride,,"4-[2-(6,7-dimethoxy-1-methyl-3,4-dihydro-1H-isoquinolin-2-yl)ethyl]aniline",79201-80-2,,,,,C20H26N2O2,326.4,,,,,synthetic,,,,,,,,
volazocine,1,literature,https://pubmed.ncbi.nlm.nih.gov/13975/,0,,,0,,,0,0,0,0,1,volazocine,-,volazocine,,"10-(cyclopropylmethyl)-1,13-dimethyl-10-azatricyclo[7.3.1.02,7]trideca-2,4,6-triene",15686-68-7; WIN-23200,,,,,C18H25N,255.4,,,,,synthetic,benzomorphan,,,,,,,
xorphanol,1,literature,https://pubmed.ncbi.nlm.nih.gov/4039650/,0,,,0,,,0,0,0,0,1,xorphanol,-,xorphanol mesylate,,"(1R,9R,10R,11S)-17-(cyclobutylmethyl)-11-methyl-13-methylidene-17-azatetracyclo[7.5.3.01,10.02,7]heptadeca-2(7),3,5-trien-4-ol",UNII-L415991P58,,,,,C23H31NO,337.5,,,,,synthetic,morphinan,,,,,,,
,,,,,,,,,,,,,,,,,,,,,,,,,,,,,,,,,,,,,,,
,,,,,,,,,,,,,,,,,,,,,,,,,,,,,,,,,,,,,,,
,,,,,,,,,,,,,,,,,,,,,,,,,,,,,,,,,,,,,,,
,,,,,,,,,,,,,,,,,,,,,,,,,,,,,,,,,,,,,,,
,,,,,,,,,,,,,,,,,,,,,,,,,,,,,,,,,,,,,,,